Player,Team, G,GS,CG,SHO, IP,H,ER, K,BB,HR,  W,L,SV,BS,HLD,ERA,WHIP
   GOD, ASS,25,25, 24,24,200,0, 0,27, 0, 0,15,0,0,0,0,0,0
German Marquez,COL,16,16,1,1,102.1,102,52,103,24,13,7,3,0,0,0,4.57,1.23
Justin Verlander,HOU,15,15,0,0,100.2,54,27,125,19,17,9,2,0,0,0,2.41,0.73
Max Scherzer,WAS,15,15,0,0,99.1,87,31,136,20,8,5,5,0,0,0,2.81,1.08
Trevor Bauer,CLE,15,15,0,0,99.1,72,41,109,45,13,4,6,0,0,0,3.71,1.18
Stephen Strasburg,WAS,15,15,0,0,96.0,78,40,115,24,12,7,4,0,0,0,3.75,1.06
Mike Minor,TEX,15,15,1,1,95.2,81,28,99,32,11,6,4,0,0,0,2.63,1.18
Zack Greinke,ARI,15,15,0,0,95.0,70,28,85,14,11,8,2,0,0,0,2.65,0.88
Noah Syndergaard,NYM,15,15,1,1,95.0,91,48,93,24,11,5,4,0,0,0,4.55,1.21
Madison Bumgarner,SF,15,15,0,0,93.0,89,40,90,20,14,3,6,0,0,0,3.87,1.17
Brad Keller,KC,15,15,0,0,93.0,79,41,63,46,4,3,8,0,0,0,3.97,1.34
Gerrit Cole,HOU,15,15,0,0,90.2,68,37,140,22,15,6,5,0,0,0,3.67,0.99
Chris Sale,BOS,15,15,1,1,90.1,67,35,130,21,11,3,7,0,0,0,3.49,0.97
Marco Gonzales,SEA,16,16,0,0,90.0,98,45,62,27,10,7,6,0,0,0,4.50,1.39
Jose Berrios,MIN,14,14,0,0,89.2,82,30,84,17,12,8,2,0,0,0,3.01,1.10
Matthew Boyd,DET,15,15,0,0,88.2,79,33,112,17,11,5,5,0,0,0,3.35,1.08
Mike Leake,SEA,14,14,1,0,88.2,94,42,62,16,20,5,6,0,0,0,4.26,1.24
Zack Wheeler,NYM,14,14,0,0,88.2,88,48,99,26,13,5,4,0,0,0,4.87,1.29
Kyle Hendricks,CHC,14,14,1,1,88.1,85,33,75,16,9,7,5,0,0,0,3.36,1.14
Marcus Stroman,TOR,15,15,0,0,87.2,87,31,68,28,7,4,8,0,0,0,3.18,1.31
Charlie Morton,TB,15,15,0,0,87.1,59,23,107,31,6,8,1,0,0,0,2.37,1.03
Lance Lynn,TEX,14,14,0,0,86.0,90,42,93,24,7,7,4,0,0,0,4.40,1.33
Hyun-Jin Ryu,LAD,13,13,1,1,86.0,64,13,77,5,7,9,1,0,0,0,1.36,0.80
Jake Arrieta,PHI,14,14,0,0,85.2,88,41,70,36,14,6,5,0,0,0,4.31,1.45
Patrick Corbin,WAS,14,14,1,1,85.1,75,39,94,29,12,5,5,0,0,0,4.11,1.22
Shane Bieber,CLE,15,14,1,1,85.0,72,37,108,21,16,6,2,0,0,0,3.92,1.09
Cole Hamels,CHC,14,14,0,0,84.2,70,28,83,30,7,6,2,0,0,0,2.98,1.18
Jon Gray,COL,14,14,0,0,84.0,82,41,93,31,13,6,5,0,0,0,4.39,1.35
Julio Teheran,ATL,15,15,0,0,83.1,59,27,76,40,8,5,4,0,0,0,2.92,1.19
Masahiro Tanaka,NYY,14,14,0,0,83.0,79,33,74,19,12,4,5,0,0,0,3.58,1.18
Jacob deGrom,NYM,14,14,0,0,82.2,73,31,102,20,10,3,6,0,0,0,3.38,1.13
Robbie Ray,ARI,15,15,0,0,82.1,71,35,106,38,9,5,4,0,0,0,3.83,1.32
Walker Buehler,LAD,14,14,0,0,82.1,63,28,84,13,8,7,1,0,0,0,3.06,0.92
Frankie Montas,OAK,14,14,0,0,82.0,76,26,88,21,6,9,2,0,0,0,2.85,1.18
Merrill Kelly,ARI,14,14,0,0,82.0,79,34,63,25,11,7,6,0,0,0,3.73,1.27
Luis Castillo,CIN,14,14,0,0,81.2,51,20,96,38,7,6,1,0,0,0,2.20,1.09
Mike Fiers,OAK,15,15,1,1,81.2,69,42,56,24,15,6,3,0,0,0,4.63,1.14
Brandon Woodruff,MIL,14,14,0,0,81.1,71,35,96,23,8,8,1,0,0,0,3.87,1.16
Reynaldo Lopez,CWS,15,15,0,0,81.1,93,57,76,36,19,4,7,0,0,0,6.31,1.59
Lucas Giolito,CWS,13,13,2,1,81.0,51,20,95,26,5,10,1,0,0,0,2.22,0.95
Aaron Nola,PHI,15,15,0,0,81.0,86,44,90,36,13,6,1,0,0,0,4.89,1.51
Rick Porcello,BOS,14,14,0,0,80.2,85,42,66,24,12,4,6,0,0,0,4.69,1.35
Wade Miley,HOU,14,14,0,0,80.1,72,28,65,21,12,6,3,0,0,0,3.14,1.16
Zach Eflin,PHI,13,13,2,1,80.0,73,25,66,19,11,6,6,0,0,0,2.81,1.15
Zach Davies,MIL,14,14,0,0,79.2,78,23,50,22,9,7,1,0,0,0,2.60,1.26
Yu Darvish,CHC,15,15,0,0,79.1,65,41,91,45,14,2,3,0,0,0,4.65,1.39
Eduardo Rodriguez,BOS,14,14,0,0,79.0,84,41,84,22,11,7,4,0,0,0,4.67,1.34
Jakob Junis,KC,14,14,0,0,79.0,85,47,71,28,14,4,6,0,0,0,5.35,1.43
Jose Quintana,CHC,14,13,0,0,78.2,79,34,69,24,8,4,6,0,0,0,3.89,1.31
Brett Anderson,OAK,14,14,0,0,78.2,80,34,43,28,7,6,4,0,0,0,3.89,1.37
Miles Mikolas,STL,14,14,0,0,78.1,81,42,57,15,14,4,7,0,0,0,4.83,1.23
Trevor Richards,MIA,14,14,0,0,78.1,65,32,69,33,10,3,7,0,0,0,3.68,1.25
Joe Musgrove,PIT,15,14,0,0,77.2,77,42,61,22,7,4,7,0,0,1,4.87,1.27
Spencer Turnbull,DET,14,14,0,0,77.2,69,24,73,29,6,3,5,0,0,0,2.78,1.26
Ivan Nova,CWS,14,14,0,0,77.1,103,54,51,21,14,3,5,0,0,0,6.28,1.60
Pablo Lopez,MIA,14,14,0,0,76.2,68,36,73,18,8,5,5,0,0,0,4.23,1.12
Max Fried,ATL,16,14,0,0,76.2,81,35,70,21,11,7,3,0,0,0,4.11,1.33
Jake Odorizzi,MIN,14,14,0,0,76.1,53,19,85,24,6,10,2,0,0,0,2.24,1.01
Sandy Alcantara,MIA,13,13,1,1,76.0,68,31,52,36,6,3,6,0,0,0,3.67,1.37
Blake Snell,TB,14,14,0,0,75.1,64,31,101,24,9,4,5,0,0,0,3.70,1.17
J.A. Happ,NYY,14,14,0,0,75.1,71,39,61,19,17,6,3,0,0,0,4.66,1.19
Kyle Gibson,MIN,13,13,0,0,75.1,71,31,77,17,11,7,3,0,0,0,3.70,1.17
Yusei Kikuchi,SEA,15,15,0,0,75.1,86,40,55,22,15,3,4,0,0,0,4.78,1.43
Aaron Sanchez,TOR,15,15,0,0,75.0,77,42,65,43,10,3,8,0,0,0,5.04,1.60
Dylan Bundy,BAL,14,14,0,0,75.0,70,37,78,26,15,3,8,0,0,0,4.44,1.28
Yonny Chirinos,TB,14,8,0,0,75.0,56,24,62,14,11,7,2,0,0,0,2.88,0.93
Jose Urena,MIA,13,13,0,0,74.2,85,39,51,23,10,4,7,0,0,0,4.70,1.45
Tanner Roark,CIN,14,14,0,0,74.1,76,30,74,27,5,4,6,0,0,0,3.63,1.39
Eric Lauer,SD,14,14,0,0,74.1,79,38,59,22,9,5,6,0,0,0,4.60,1.36
Jack Flaherty,STL,14,14,0,0,73.2,65,35,81,25,13,4,3,0,0,0,4.28,1.22
Dakota Hudson,STL,14,13,0,0,72.2,76,28,51,33,9,5,3,1,0,0,3.47,1.50
Adrian Sampson,TEX,15,8,1,0,72.2,83,34,58,15,13,5,3,0,0,0,4.21,1.35
Joey Lucchesi,SD,13,13,0,0,72.1,62,33,73,20,10,5,4,0,0,0,4.11,1.13
Clayton Kershaw,LAD,11,11,0,0,72.0,66,25,67,12,10,6,1,0,0,0,3.13,1.08
Kenta Maeda,LAD,13,13,0,0,71.2,54,31,73,24,11,7,3,0,0,0,3.89,1.09
Brad Peacock,HOU,14,12,0,0,71.0,56,27,71,21,7,6,3,0,0,0,3.42,1.08
Jon Lester,CHC,13,13,0,0,70.2,78,32,69,17,12,5,5,0,0,0,4.08,1.34
Adam Wainwright,STL,13,13,0,0,70.2,68,35,61,31,9,5,6,0,0,0,4.46,1.40
Tyler Mahle,CIN,13,13,0,0,70.2,71,34,73,17,12,2,7,0,0,0,4.33,1.25
Andrew Cashner,BAL,13,13,0,0,70.1,71,37,51,26,11,6,2,0,0,0,4.73,1.38
Martin Perez,MIN,14,11,0,0,70.1,69,31,67,33,6,7,2,0,0,0,3.97,1.45
Mike Soroka,ATL,11,11,0,0,70.1,50,15,60,18,2,7,1,0,0,0,1.92,0.97
Domingo German,NYY,13,12,0,0,70.0,59,30,77,19,12,9,2,0,0,0,3.86,1.11
Michael Pineda,MIN,13,13,0,0,69.2,71,39,57,13,14,4,3,0,0,0,5.04,1.21
Trent Thornton,TOR,14,14,0,0,69.2,64,37,73,34,11,1,5,0,0,0,4.78,1.41
Steven Matz,NYM,13,13,0,0,68.2,69,30,72,22,13,5,4,0,0,0,3.93,1.33
Jeff Samardzija,SF,13,13,0,0,67.2,61,28,56,21,11,3,5,0,0,0,3.72,1.21
Daniel Norris,DET,14,11,0,0,67.2,81,34,54,18,12,2,5,0,0,0,4.52,1.46
Homer Bailey,KC,14,14,0,0,67.0,68,40,61,29,8,5,6,0,0,0,5.37,1.45
Sonny Gray,CIN,13,13,0,0,66.2,55,27,71,26,4,2,5,0,0,0,3.65,1.22
Caleb Smith,MIA,12,12,0,0,66.0,47,25,82,20,13,3,4,0,0,0,3.41,1.02
John Means,BAL,15,11,0,0,65.2,53,19,57,19,8,6,4,0,0,0,2.60,1.10
Chris Paddack,SD,12,12,0,0,65.2,48,23,72,13,10,4,4,0,0,0,3.15,0.93
David Hess,BAL,14,13,0,0,65.0,74,52,53,27,20,1,9,0,0,0,7.20,1.55
Anthony DeSclafani,CIN,13,13,0,0,65.0,65,32,64,21,14,3,3,0,0,0,4.43,1.32
Carlos Carrasco,CLE,12,12,1,1,65.0,74,36,79,11,14,4,6,0,0,0,4.98,1.31
Jordan Lyles,PIT,12,12,0,0,64.1,55,26,66,24,7,5,3,0,0,0,3.64,1.23
Antonio Senzatela,COL,12,12,0,0,64.0,75,39,35,29,11,5,5,0,0,0,5.48,1.63
Matt Strahm,SD,12,12,0,0,63.2,66,33,60,15,12,2,6,0,0,0,4.66,1.27
Tyler Skaggs,LAA,12,12,0,0,63.0,64,35,64,24,8,5,6,0,0,0,5.00,1.40
Kevin Gausman,ATL,13,13,0,0,62.1,70,43,64,24,8,2,5,0,0,0,6.21,1.51
Luke Weaver,ARI,11,11,0,0,62.1,55,21,68,14,6,4,3,0,0,0,3.03,1.11
David Price,BOS,12,12,0,0,61.1,54,24,71,15,7,4,2,0,0,0,3.52,1.13
Michael Wacha,STL,13,11,0,0,60.0,69,40,56,35,14,4,3,0,0,0,6.00,1.73
Jorge Lopez,KC,14,10,0,0,59.2,69,45,59,23,14,0,6,0,0,0,6.79,1.54
Chris Archer,PIT,11,11,0,0,59.2,58,38,61,30,16,3,6,0,0,0,5.73,1.47
Anibal Sanchez,WAS,12,12,0,0,59.2,55,26,56,28,8,2,6,0,0,0,3.92,1.39
Kyle Freeland,COL,12,12,0,0,59.1,68,47,49,25,16,2,6,0,0,0,7.13,1.57
Chris Bassitt,OAK,10,10,0,0,58.2,46,24,57,24,8,3,3,0,0,0,3.68,1.19
Jhoulys Chacin,MIL,12,12,0,0,58.0,57,37,44,29,11,3,7,0,0,0,5.74,1.48
Trevor Cahill,LAA,12,11,0,0,57.2,61,46,46,20,16,2,6,0,0,0,7.18,1.40
Jerad Eickhoff,PHI,11,10,0,0,57.1,52,32,50,17,16,3,4,1,0,0,5.02,1.20
CC Sabathia,NYY,11,11,0,0,57.0,59,28,50,21,15,3,4,0,0,0,4.42,1.40
Felix Pena,LAA,13,4,0,0,55.1,50,28,58,16,10,4,1,0,0,1,4.55,1.19
Zack Godley,ARI,17,8,0,0,54.2,57,37,43,25,8,3,4,2,0,0,6.09,1.50
Trevor Williams,PIT,9,9,0,0,54.0,51,20,42,10,4,2,1,0,0,0,3.33,1.13
Jalen Beeks,TB,16,0,0,0,53.0,48,15,47,17,1,5,0,1,0,2,2.55,1.23
Rich Hill,LAD,9,9,0,0,52.0,47,15,59,12,10,4,1,0,0,0,2.60,1.13
Nick Margevicius,SD,11,11,0,0,52.0,56,29,37,16,11,2,6,0,0,0,5.02,1.38
Jason Vargas,NYM,11,10,1,1,51.1,49,21,40,21,5,3,3,0,0,0,3.68,1.36
Derek Holland,SF,17,7,1,0,49.2,49,36,55,29,14,1,4,0,0,0,6.52,1.57
Danny Duffy,KC,9,9,0,0,49.1,48,24,42,18,5,3,3,0,0,0,4.38,1.34
Mike Foltynewicz,ATL,9,9,0,0,49.1,52,33,42,13,15,1,5,0,0,0,6.02,1.32
James Paxton,NYY,10,10,0,0,49.0,43,22,64,20,5,3,3,0,0,0,4.04,1.29
Drew Pomeranz,SF,12,12,0,0,49.0,60,35,55,25,11,2,6,0,0,0,6.43,1.73
Ryan Yarbrough,TB,10,4,0,0,48.1,43,30,34,9,6,5,3,0,0,0,5.59,1.08
Tyler Glasnow,TB,8,8,0,0,48.1,35,10,55,9,3,6,1,0,0,0,1.86,0.91
Freddy Peralta,MIL,12,8,0,0,48.0,59,31,59,14,10,3,3,0,0,0,5.81,1.52
Matt Harvey,LAA,10,10,0,0,48.0,52,40,35,21,11,2,4,0,0,0,7.50,1.52
Drew Smyly,TEX,12,9,0,0,48.0,58,43,49,32,16,1,5,1,0,0,8.06,1.88
Dereck Rodriguez,SF,11,8,0,0,47.2,47,27,30,21,9,3,5,0,0,0,5.10,1.43
Steven Brault,PIT,12,6,0,0,47.0,49,23,40,24,6,3,1,0,0,0,4.40,1.55
Ross Stripling,LAD,18,6,0,0,46.2,39,17,45,15,4,2,2,0,0,3,3.28,1.16
Manny Banuelos,CWS,13,8,0,0,45.2,54,35,42,30,12,3,4,0,0,0,6.90,1.84
Dan Straily,BAL,13,8,0,0,45.1,68,46,29,20,19,2,4,0,0,0,9.13,1.94
Wade LeBlanc,SEA,9,6,0,0,45.0,56,31,34,10,10,3,2,0,0,0,6.20,1.47
Sam Gaviglio,TOR,24,0,0,0,45.0,40,22,43,7,12,4,1,0,0,0,4.40,1.04
Nick Pivetta,PHI,8,8,1,0,45.0,51,25,43,12,10,4,1,0,0,0,5.00,1.40
Collin McHugh,HOU,10,8,0,0,44.2,39,30,48,16,9,3,4,0,0,0,6.04,1.23
Griffin Canning,LAA,8,8,0,0,44.1,34,18,47,10,7,2,2,0,0,0,3.65,0.99
Jefry Rodriguez,CLE,8,8,0,0,43.2,45,23,32,19,5,1,5,0,0,0,4.74,1.47
Glenn Sparkman,KC,13,5,0,0,42.2,45,19,24,11,6,1,3,0,0,0,4.01,1.31
Chase Anderson,MIL,12,7,0,0,42.2,41,18,46,15,8,3,1,0,0,0,3.80,1.31
Aaron Brooks,OAK,11,6,0,0,42.1,45,27,36,14,11,2,3,0,0,0,5.74,1.39
Ariel Jurado,TEX,14,5,0,0,41.2,41,14,34,12,5,4,2,0,0,1,3.02,1.27
Chad Bettis,COL,21,3,0,0,40.2,42,19,29,13,3,1,3,1,0,4,4.20,1.35
Jesse Chavez,TEX,33,4,0,0,40.1,39,15,38,15,6,2,2,0,0,6,3.35,1.34
Bryan Shaw,COL,37,0,0,0,40.1,33,15,28,15,4,2,1,0,2,6,3.35,1.19
Julio Urias,LAD,15,4,0,0,40.1,30,14,40,12,5,3,2,3,1,2,3.12,1.04
Vince Velasquez,PHI,16,6,0,0,39.2,39,18,45,21,10,2,3,0,0,2,4.08,1.51
Yusmeiro Petit,OAK,34,0,0,0,39.1,29,12,26,5,7,1,1,0,0,8,2.75,0.86
Jeremy Hellickson,WAS,9,8,0,0,39.0,47,27,30,20,9,2,3,0,0,0,6.23,1.72
Ryne Stanek,TB,29,19,0,0,39.0,28,11,43,14,3,0,1,0,0,2,2.54,1.08
Framber Valdez,HOU,16,2,0,0,39.0,31,12,36,15,2,3,2,0,0,0,2.77,1.18
Felix Hernandez,SEA,8,8,0,0,38.2,50,28,34,8,9,1,4,0,0,0,6.52,1.50
Robert Gsellman,NYM,31,0,0,0,38.2,42,21,37,14,3,1,1,1,4,4,4.89,1.45
Corbin Burnes,MIL,21,4,0,0,38.1,53,38,54,18,14,1,3,1,0,1,8.92,1.85
John Gant,STL,31,0,0,0,38.0,19,7,36,9,3,6,0,3,2,9,1.66,0.74
Marcus Walden,BOS,27,0,0,0,38.0,28,10,41,9,5,6,0,1,1,4,2.37,0.97
Shelby Miller,TEX,16,8,0,0,38.0,53,40,27,25,7,1,3,0,1,1,9.47,2.05
Gabriel Ynoa,BAL,13,4,0,0,37.2,42,21,29,12,8,0,3,0,0,0,5.02,1.43
Dylan Covey,CWS,9,7,0,0,37.1,34,19,22,20,6,1,4,0,1,0,4.58,1.45
Jameson Taillon,PIT,7,7,1,0,37.1,34,17,30,8,4,2,3,0,0,0,4.10,1.13
Liam Hendriks,OAK,31,2,0,0,37.1,26,7,43,17,1,3,0,0,2,4,1.69,1.15
Josh James,HOU,26,0,0,0,37.1,24,19,58,24,7,3,0,0,1,1,4.58,1.29
Michael Lorenzen,CIN,31,0,0,0,36.2,37,13,37,10,5,0,1,2,1,4,3.19,1.28
Erick Fedde,WAS,10,5,0,0,36.2,32,15,21,14,5,1,1,0,0,0,3.68,1.25
Miguel Castro,BAL,30,0,0,0,36.1,37,25,33,17,7,0,1,2,2,3,6.19,1.49
Josh Tomlin,ATL,24,0,0,0,36.0,32,16,22,3,6,1,0,1,2,4,4.00,0.97
Junior Guerra,MIL,29,0,0,0,36.0,24,13,37,15,5,2,1,2,3,9,3.25,1.08
Craig Stammen,SD,33,0,0,0,35.2,38,16,26,3,9,5,3,2,5,15,4.04,1.15
Corey Kluber,CLE,7,7,0,0,35.2,44,23,38,15,4,2,3,0,0,0,5.80,1.65
Matt Andriese,ARI,27,0,0,0,35.2,36,20,39,15,6,3,4,1,1,0,5.05,1.43
John Brebbia,STL,32,0,0,0,35.2,24,12,43,13,4,1,3,0,1,7,3.03,1.04
Tyson Ross,DET,7,7,0,0,35.1,41,24,25,18,7,1,5,0,0,0,6.11,1.67
Luke Jackson,ATL,31,0,0,0,35.0,35,12,49,9,4,3,2,10,6,3,3.09,1.26
Tyler Chatwood,CHC,17,1,0,0,35.0,30,14,29,21,5,3,1,1,0,1,3.60,1.46
Thomas Pannone,TOR,23,2,0,0,35.0,35,23,36,19,6,2,3,0,0,1,5.91,1.54
Ty Buttrey,LAA,32,0,0,0,34.2,32,8,40,11,2,4,3,2,3,14,2.08,1.24
Carlos Rodon,CWS,7,7,0,0,34.2,33,20,46,17,4,3,2,0,0,0,5.19,1.44
Nick Kingham,PIT,14,4,0,0,34.2,54,38,32,17,7,1,1,1,0,0,9.87,2.05
Hector Velazquez,BOS,18,7,0,0,34.2,33,23,32,17,4,1,3,0,0,0,5.97,1.44
Seth Lugo,NYM,26,0,0,0,34.1,25,9,46,9,3,3,0,0,1,10,2.36,0.99
Blake Treinen,OAK,28,0,0,0,34.1,31,13,35,19,3,2,2,15,2,0,3.41,1.46
Lou Trivino,OAK,33,0,0,0,34.1,33,18,36,16,3,2,4,0,3,14,4.72,1.43
Shaun Anderson,SF,6,6,0,0,34.0,34,15,22,11,4,2,1,0,0,0,3.97,1.32
Sean Newcomb,ATL,20,4,0,0,34.0,35,9,29,12,2,1,0,1,0,6,2.38,1.38
Brandon Brennan,SEA,30,0,0,0,34.0,27,21,35,20,4,2,6,0,1,6,5.56,1.38
Noe Ramirez,LAA,22,1,0,0,34.0,27,13,41,11,7,2,0,0,0,1,3.44,1.12
Scott Barlow,KC,25,0,0,0,33.2,31,20,47,16,4,2,2,1,1,3,5.35,1.40
Jonathan Holder,NYY,28,0,0,0,33.2,32,19,38,10,5,4,2,0,1,4,5.08,1.25
Josh Hader,MIL,26,0,0,0,33.2,13,8,66,12,6,1,3,16,1,2,2.14,0.74
Cam Bedrosian,LAA,33,7,0,0,33.2,22,9,39,15,2,2,3,1,1,6,2.41,1.10
Francisco Liriano,PIT,32,0,0,0,33.2,25,8,34,15,4,1,1,0,1,5,2.14,1.19
Hansel Robles,LAA,34,1,0,0,33.1,27,12,32,8,3,3,0,10,2,2,3.24,1.05
Carlos Estevez,COL,34,0,0,0,33.0,36,15,40,12,7,1,0,0,0,6,4.09,1.45
Ryan Carpenter,DET,7,7,0,0,32.2,47,32,21,11,10,1,4,0,0,0,8.82,1.78
Joakim Soria,OAK,31,1,0,0,32.2,28,20,31,10,3,1,4,0,2,6,5.51,1.16
Brandon Workman,BOS,35,0,0,0,32.2,9,6,45,22,1,4,1,2,2,12,1.65,0.95
Scott Oberg,COL,29,0,0,0,32.1,19,6,31,14,2,4,0,3,3,4,1.67,1.02
Sam Dyson,SF,30,0,0,0,32.0,26,9,30,5,2,2,0,1,0,8,2.53,0.97
Robbie Erlin,SD,24,1,0,0,31.2,39,19,34,9,4,0,1,0,1,5,5.40,1.52
Archie Bradley,ARI,29,0,0,0,31.2,36,15,40,17,2,2,3,0,2,5,4.26,1.67
Giovanny Gallegos,STL,26,0,0,0,31.2,18,10,45,6,4,1,0,0,0,3,2.84,0.76
Erik Swanson,SEA,7,6,0,0,31.1,40,28,24,5,11,1,5,0,0,0,8.04,1.44
Ryan Pressly,HOU,30,0,0,0,31.1,17,3,34,4,2,1,0,3,2,18,0.86,0.67
Pedro Baez,LAD,32,0,0,0,31.1,19,10,26,10,1,2,2,0,1,15,2.87,0.93
Gio Gonzalez,MIL,6,6,0,0,31.0,28,11,26,9,2,2,1,0,0,0,3.19,1.19
Luis Cessa,NYY,20,0,0,0,31.0,35,21,32,14,7,0,1,0,0,2,6.10,1.58
Cal Quantrill,SD,6,6,0,0,31.0,34,18,27,8,5,1,2,0,0,0,5.23,1.35
Jose Leclerc,TEX,31,2,0,0,31.0,24,17,49,15,4,1,2,5,2,5,4.94,1.26
Roenis Elias,SEA,27,0,0,0,31.0,29,14,32,16,4,2,0,6,1,1,4.06,1.45
Victor Alcantara,DET,33,0,0,0,30.2,29,16,17,11,6,2,1,0,3,8,4.70,1.30
Diego Castillo,TB,29,0,0,0,30.2,22,7,36,12,3,1,4,6,0,11,2.05,1.11
Jeff Hoffman,COL,6,6,0,0,30.2,36,24,31,9,7,1,3,0,0,0,7.04,1.47
Nick Vincent,SF,18,1,0,0,30.2,36,19,30,8,7,0,2,0,0,0,5.58,1.43
Brad Hand,CLE,31,0,0,0,30.2,15,3,46,8,1,3,2,20,0,0,0.88,0.75
Jordan Zimmermann,DET,6,6,0,0,30.1,30,20,21,11,6,0,4,0,0,0,5.93,1.35
Brandon Kintzler,CHC,30,0,0,0,30.1,18,8,26,7,4,2,0,0,1,8,2.37,0.82
Hector Neris,PHI,30,0,0,0,30.1,20,9,41,10,3,1,3,15,1,2,2.67,0.99
Roberto Osuna,HOU,30,0,0,0,30.1,18,7,30,4,3,3,0,17,2,0,2.08,0.73
Taylor Clarke,ARI,7,6,0,0,30.1,34,18,25,9,6,1,2,1,0,0,5.34,1.42
Amir Garrett,CIN,34,0,0,0,30.0,21,5,44,13,2,3,1,0,1,10,1.50,1.13
David Hernandez,CIN,31,0,0,0,30.0,28,16,40,10,2,1,3,1,1,9,4.80,1.27
Adam Ottavino,NYY,30,0,0,0,30.0,19,6,38,20,4,2,2,0,3,14,1.80,1.30
Wily Peralta,KC,30,0,0,0,30.0,30,15,19,16,3,2,2,1,3,3,4.50,1.53
Daniel Hudson,TOR,29,1,0,0,30.0,23,11,29,16,5,3,2,1,0,5,3.30,1.30
Taylor Rogers,MIN,26,0,0,0,30.0,29,7,38,7,4,2,1,8,2,9,2.10,1.20
Alex Claudio,MIL,38,0,0,0,29.2,31,17,20,9,6,1,2,0,2,13,5.16,1.35
Reyes Moronta,SF,27,0,0,0,29.2,21,10,42,18,2,3,4,0,3,7,3.03,1.31
Touki Toussaint,ATL,15,1,0,0,29.2,31,15,32,12,3,4,0,0,0,1,4.55,1.45
Chris Stratton,LAA,7,5,0,0,29.1,43,28,22,18,6,0,2,0,0,0,8.59,2.08
Matt Barnes,BOS,30,0,0,0,29.1,21,11,54,13,3,3,1,4,4,11,3.38,1.16
Raisel Iglesias,CIN,28,0,0,0,29.1,29,10,40,12,4,1,6,13,2,1,3.07,1.40
Kirby Yates,SD,29,0,0,0,29.0,17,4,49,8,1,0,2,23,0,0,1.24,0.86
Jared Hughes,CIN,28,0,0,0,29.0,21,11,22,9,3,2,2,0,1,3,3.41,1.03
Juan Nicasio,PHI,25,0,0,0,29.0,32,14,26,12,2,1,2,1,1,3,4.34,1.52
Trevor Gott,SF,25,0,0,0,29.0,17,9,31,8,1,3,0,0,0,0,2.79,0.86
Joe Biagini,TOR,29,0,0,0,29.0,23,12,28,9,6,2,1,1,2,9,3.72,1.10
Colten Brewer,BOS,26,0,0,0,29.0,33,15,29,18,1,1,2,0,0,2,4.66,1.76
Paul Fry,BAL,29,0,0,0,29.0,22,15,19,13,2,1,3,1,1,7,4.66,1.21
Edwin Diaz,NYM,30,0,0,0,28.2,31,12,45,8,5,1,4,15,3,0,3.77,1.36
Nick Anderson,MIA,29,0,0,0,28.2,22,13,50,13,4,2,2,0,0,3,4.08,1.22
Ryan Brasier,BOS,31,0,0,0,28.2,23,12,25,8,5,2,3,6,3,4,3.77,1.08
Sean Doolittle,WAS,30,0,0,0,28.2,31,11,37,8,3,4,2,14,3,0,3.45,1.36
Kenley Jansen,LAD,28,0,0,0,28.2,19,11,42,5,5,2,2,20,3,0,3.45,0.84
Heath Hembree,BOS,31,0,0,0,28.2,20,8,35,12,4,1,0,1,1,4,2.51,1.12
Will Smith,SF,29,0,0,0,28.2,17,7,42,7,3,1,0,18,0,0,2.20,0.84
Matt Shoemaker,TOR,5,5,0,0,28.2,16,5,24,9,3,3,0,0,0,0,1.57,0.87
Adam Warren,SD,25,0,0,0,28.2,28,17,25,12,9,4,1,0,0,3,5.34,1.40
Felipe Vazquez,PIT,26,0,0,0,28.1,25,7,46,9,3,1,0,15,1,0,2.22,1.20
Wander Suero,WAS,30,0,0,0,28.1,29,20,38,11,4,1,4,0,2,5,6.35,1.41
Richard Rodriguez,PIT,32,0,0,0,28.1,31,16,20,15,9,0,3,1,3,9,5.08,1.62
Zack Britton,NYY,29,0,0,0,28.1,21,9,25,13,2,2,1,2,2,13,2.86,1.20
Mark Melancon,SF,26,0,0,0,28.1,30,11,24,12,2,3,1,0,0,4,3.49,1.48
Jake Diekman,KC,32,0,0,0,28.1,17,15,42,17,2,0,4,0,1,8,4.76,1.20
Joe Jimenez,DET,31,0,0,0,28.1,23,15,40,14,6,2,4,0,3,12,4.76,1.31
Ryne Harper,MIN,30,0,0,0,28.0,22,6,27,6,2,2,0,1,1,5,1.93,1.00
Steve Cishek,CHC,29,0,0,0,28.0,23,10,30,9,2,1,3,6,2,4,3.21,1.14
Matt Albers,MIL,27,0,0,0,28.0,24,14,29,10,4,2,2,0,0,2,4.50,1.21
Matt Grace,WAS,33,0,0,0,28.0,33,20,19,8,5,0,1,0,0,4,6.43,1.46
Mychal Givens,BAL,24,0,0,0,28.0,22,15,39,14,6,0,3,6,4,4,4.82,1.29
Tony Watson,SF,30,0,0,0,27.2,27,8,22,3,4,2,0,0,1,14,2.60,1.08
Matt Wisler,SD,19,0,0,0,27.2,32,16,33,6,5,2,1,0,1,3,5.20,1.37
Chris Devenski,HOU,24,0,0,0,27.2,28,14,33,10,5,1,0,0,0,2,4.55,1.37
Elvis Luciano,TOR,20,0,0,0,27.2,33,20,22,23,4,1,0,0,0,0,6.51,2.02
Adrian Houser,MIL,14,2,0,0,27.1,25,8,31,12,3,2,1,0,0,0,2.63,1.35
Jeurys Familia,NYM,28,0,0,0,27.1,29,21,28,19,5,2,1,0,4,8,6.91,1.76
Buck Farmer,DET,31,1,0,0,27.1,30,15,31,9,4,3,4,0,1,6,4.94,1.43
Brad Brach,CHC,29,0,0,0,27.0,29,19,29,22,1,3,1,0,2,2,6.33,1.89
Shane Greene,DET,27,0,0,0,27.0,15,3,29,7,3,0,2,20,1,0,1.00,0.81
Ian Kennedy,KC,26,0,0,0,27.0,30,11,34,4,2,0,2,6,2,1,3.67,1.26
Chris Martin,TEX,27,0,0,0,27.0,26,11,28,3,7,0,2,2,1,11,3.67,1.07
Nick Ramirez,DET,10,0,0,0,27.0,22,9,25,12,3,3,1,0,1,0,3.00,1.26
Yoan Lopez,ARI,31,0,0,0,27.0,17,4,19,9,3,0,1,0,2,7,1.33,0.96
Blaine Hardy,DET,20,0,0,0,26.2,20,14,12,6,7,1,0,0,0,5,4.73,0.98
Tommy Kahnle,NYY,31,0,0,0,26.2,18,8,39,8,5,2,0,0,2,12,2.70,0.98
Aroldis Chapman,NYY,28,0,0,0,26.2,17,4,36,8,1,1,1,18,2,0,1.35,0.94
Tommy Milone,SEA,5,3,0,0,26.1,21,10,26,5,5,1,1,0,0,0,3.42,0.99
Alex Colome,CWS,27,0,0,0,26.1,11,7,24,8,4,2,1,14,0,0,2.39,0.72
Cory Gearrin,SEA,31,1,0,0,26.1,26,14,28,14,2,0,2,0,0,8,4.78,1.52
Adam Conley,MIA,30,0,0,0,26.1,34,23,22,12,4,1,6,2,1,5,7.86,1.75
Brad Boxberger,KC,27,0,0,0,26.0,21,14,26,16,3,1,3,1,3,0,4.85,1.42
Wei-Yin Chen,MIA,17,0,0,0,26.0,31,21,26,9,6,0,1,0,0,1,7.27,1.54
Kelvin Herrera,CWS,28,0,0,0,26.0,32,19,24,11,4,2,3,0,1,6,6.58,1.65
Jeffrey Springs,TEX,19,0,0,0,26.0,28,15,25,15,3,4,1,0,0,1,5.19,1.65
Austin Brice,MIA,18,0,0,0,25.2,21,7,22,13,2,0,0,0,0,3,2.45,1.32
Hector Rondon,HOU,28,0,0,0,25.2,24,8,22,10,2,3,1,0,2,9,2.81,1.32
Tayron Guerrero,MIA,28,0,0,0,25.2,20,10,30,17,2,1,1,0,2,5,3.51,1.44
Kyle Barraclough,WAS,32,0,0,0,25.1,32,18,30,12,7,1,2,0,2,8,6.39,1.74
Trey Wingenter,SD,25,0,0,0,25.1,11,10,36,15,2,0,1,1,2,10,3.55,1.03
Emilio Pagan,TB,22,0,0,0,25.1,14,4,34,5,2,2,1,3,2,4,1.42,0.75
Yoshihisa Hirano,ARI,31,0,0,0,25.1,27,13,30,9,2,3,3,1,1,6,4.62,1.42
Jose Alvarez,PHI,29,1,0,0,25.1,29,12,19,9,4,0,2,1,1,5,4.26,1.50
Will Harris,HOU,28,0,0,0,25.0,20,4,23,6,1,1,1,0,0,10,1.44,1.04
Ken Giles,TOR,25,0,0,0,25.0,19,3,42,7,1,1,1,11,1,0,1.08,1.04
Robert Stephenson,CIN,21,0,0,0,25.0,15,11,35,10,2,2,1,0,0,2,3.96,1.00
Jon Duplantier,ARI,8,3,0,0,25.0,24,12,24,9,2,1,1,1,0,0,4.32,1.32
Zach Plesac,CLE,4,4,0,0,24.2,19,8,20,5,5,1,2,0,0,0,2.92,0.97
Seranthony Dominguez,PHI,27,0,0,0,24.2,24,11,29,12,3,3,0,0,2,9,4.01,1.46
Tyler Kinley,MIA,25,0,0,0,24.2,29,14,28,19,3,1,0,0,1,1,5.11,1.95
Yimi Garcia,LAD,25,0,0,0,24.2,14,12,24,9,5,0,2,0,1,0,4.38,0.93
Clay Buchholz,TOR,5,5,0,0,24.2,32,18,12,6,5,0,2,0,0,0,6.57,1.54
Edwin Jackson,TOR,6,5,0,0,24.2,40,28,17,10,9,1,4,0,0,0,10.22,2.03
Luis Garcia,LAA,27,1,0,0,24.2,23,13,17,17,6,1,1,1,1,3,4.74,1.62
Shawn Kelley,TEX,25,0,0,0,24.2,21,7,20,5,4,3,1,8,4,4,2.55,1.05
Trevor May,MIN,30,0,0,0,24.1,19,10,24,14,1,1,1,1,0,9,3.70,1.36
Nick Wittgren,CLE,22,0,0,0,24.1,19,6,25,4,1,3,0,1,1,7,2.22,0.95
Justin Anderson,LAA,26,0,0,0,24.0,21,12,34,13,2,2,0,1,1,6,4.50,1.42
Jacob Webb,ATL,26,0,0,0,24.0,19,6,21,10,4,4,0,2,1,5,2.25,1.21
Sergio Romo,MIA,24,0,0,0,24.0,22,14,21,12,4,1,0,12,1,1,5.25,1.42
Jeremy Jeffress,MIL,21,0,0,0,24.0,17,7,24,9,2,1,0,0,0,7,2.63,1.08
Kyle Ryan,CHC,31,0,0,0,24.0,25,11,28,8,3,2,1,0,1,5,4.13,1.38
Marco Estrada,OAK,5,5,0,0,23.2,23,18,11,8,7,0,2,0,0,0,6.85,1.31
Dan Otero,CLE,20,0,0,0,23.2,32,12,10,3,5,0,0,0,0,1,4.56,1.48
Brett Martin,TEX,18,0,0,0,23.2,22,13,18,5,4,1,0,0,0,1,4.94,1.14
Adam Cimber,CLE,28,0,0,0,23.2,20,10,18,10,3,2,2,0,0,6,3.80,1.27
Tim Mayza,TOR,30,0,0,0,23.2,18,12,29,16,2,0,0,0,0,7,4.56,1.44
Tyler Webb,STL,27,0,0,0,23.2,14,11,21,13,3,0,1,0,0,3,4.18,1.14
Luis Perdomo,SD,14,1,0,0,23.2,20,8,20,5,3,1,0,0,0,0,3.04,1.06
Connor Sadzeck,SEA,20,0,0,0,23.2,18,7,27,15,3,0,1,1,1,1,2.66,1.39
Jose Alvarado,TB,26,0,0,0,23.1,18,8,32,16,1,0,4,6,2,6,3.09,1.46
Jace Fry,CWS,28,0,0,0,23.1,21,15,27,17,3,1,2,0,1,8,5.79,1.63
Blake Parker,MIN,25,0,0,0,23.1,18,11,19,10,6,0,2,9,1,6,4.24,1.20
Adam Kolarek,TB,34,0,0,0,23.1,27,11,16,8,3,2,2,0,0,9,4.24,1.50
Adam Plutko,CLE,4,4,0,0,23.1,21,12,17,3,8,3,1,0,0,0,4.63,1.03
Jordan Hicks,STL,25,0,0,0,23.1,15,9,27,11,1,2,2,14,1,2,3.47,1.11
Cody Allen,LAA,25,0,0,0,23.0,24,16,29,20,9,0,2,4,0,0,6.26,1.91
Dylan Floro,LAD,25,0,0,0,23.0,22,8,16,4,3,1,1,0,3,4,3.13,1.13
Daniel Mengden,OAK,5,3,0,0,23.0,23,13,19,15,1,1,1,0,0,0,5.09,1.65
Chad Green,NYY,22,5,0,0,22.2,32,19,30,6,6,1,2,0,0,3,7.54,1.68
Wandy Peralta,CIN,28,0,0,0,22.2,22,15,20,8,5,0,1,0,1,1,5.96,1.32
Greg Holland,ARI,23,0,0,0,22.2,12,5,29,10,3,1,0,10,1,0,1.99,0.97
Andrew Miller,STL,30,0,0,0,22.1,21,10,33,11,5,2,2,1,2,8,4.03,1.43
Kyle Crick,PIT,24,0,0,0,22.1,12,7,26,15,2,2,2,0,4,9,2.82,1.21
Andrew Chafin,ARI,34,0,0,0,22.1,22,8,27,11,2,0,1,0,0,8,3.22,1.48
Tyler Beede,SF,6,4,0,0,22.1,29,20,26,17,5,0,2,0,0,0,8.06,2.06
Kyle Dowdy,TEX,13,1,0,0,22.1,26,18,17,18,4,2,1,0,1,0,7.25,1.97
Dan Winkler,ATL,27,0,0,0,21.2,18,12,22,11,5,3,1,0,1,6,4.98,1.34
Andrew Heaney,LAA,4,4,0,0,21.2,15,11,30,6,6,0,1,0,0,0,4.57,0.97
Derek Law,TOR,16,1,0,0,21.1,23,12,23,9,3,0,1,0,0,0,5.06,1.50
Luke Bard,LAA,16,2,0,0,21.1,21,10,21,6,4,1,2,0,0,1,4.22,1.27
Joe Kelly,LAD,22,0,0,0,21.1,27,18,26,11,4,1,3,0,3,4,7.59,1.78
Josh Osich,CWS,19,0,0,0,21.1,23,14,16,4,6,0,0,0,0,0,5.91,1.27
Dominic Leone,STL,20,0,0,0,21.1,24,19,27,11,5,0,0,0,1,0,8.02,1.64
Cole Irvin,PHI,4,3,0,0,21.1,21,13,18,6,4,2,1,0,0,0,5.48,1.27
Hunter Wood,TB,13,2,0,0,21.1,20,5,17,5,2,1,1,1,0,0,2.11,1.17
J.B. Wendelken,OAK,18,0,0,0,21.0,20,13,23,6,2,0,1,0,1,1,5.57,1.24
Nathan Eovaldi,BOS,4,4,0,0,21.0,21,14,16,11,6,0,0,0,0,0,6.00,1.52
Matt Koch,ARI,9,0,0,0,20.2,29,21,9,4,8,0,0,0,0,0,9.15,1.60
Tyler Anderson,COL,5,5,0,0,20.2,33,27,23,11,8,0,3,0,0,0,11.76,2.13
Clayton Richard,TOR,5,5,0,0,20.1,23,17,12,13,4,0,3,0,0,0,7.52,1.77
Chaz Roe,TB,29,0,0,0,20.1,18,9,27,19,2,0,2,0,2,12,3.98,1.82
T.J. McFarland,ARI,12,0,0,0,20.1,27,12,15,6,3,0,0,0,0,3,5.31,1.62
Ryan Buchter,OAK,33,0,0,0,20.0,18,8,25,16,2,0,1,0,3,7,3.60,1.70
Oliver Perez,CLE,30,0,0,0,20.0,21,10,27,3,3,1,1,0,1,6,4.50,1.20
Zach Duke,CIN,26,0,0,0,19.2,19,11,15,14,3,3,1,0,0,4,5.03,1.68
Jacob Barnes,MIL,18,1,0,0,19.2,22,15,22,11,3,1,1,0,0,1,6.86,1.68
Tyler Duffey,MIN,16,0,0,0,19.2,19,5,29,6,4,1,1,0,0,1,2.29,1.27
Aaron Bummer,CWS,18,0,0,0,19.2,9,3,20,5,0,0,0,1,0,5,1.37,0.71
Ryan Burr,CWS,16,1,0,0,19.2,17,10,20,8,3,1,1,0,0,0,4.58,1.27
Tyler Olson,CLE,25,0,0,0,19.1,23,8,15,8,2,1,0,0,0,1,3.72,1.60
Jaime Barria,LAA,5,1,0,0,19.1,27,14,16,5,2,2,2,0,0,0,6.52,1.66
Ryan Weber,BOS,6,3,0,0,19.1,24,11,14,3,3,1,1,0,0,0,5.12,1.40
Corbin Martin,HOU,5,5,0,0,19.1,23,12,19,12,8,1,1,0,0,0,5.59,1.81
Richard Bleier,BAL,16,0,0,0,19.0,24,15,9,2,3,0,0,2,0,2,7.11,1.37
Juan Minaya,CWS,14,0,0,0,19.0,18,6,19,8,3,0,0,0,0,0,2.84,1.37
Nestor Cortes,NYY,6,0,0,0,19.0,19,8,22,5,2,1,0,0,0,0,3.79,1.26
Clay Holmes,PIT,12,0,0,0,19.0,16,9,18,13,2,0,0,0,0,1,4.26,1.53
Brad Wieck,SD,23,0,0,0,18.2,20,14,23,6,6,0,0,0,2,7,6.75,1.39
Tyler Thornburg,BOS,16,0,0,0,18.2,21,16,22,10,4,0,0,0,0,0,7.71,1.66
Drew Gagnon,NYM,14,0,0,0,18.2,21,13,16,4,4,3,1,0,1,0,6.27,1.34
Branden Kline,BAL,15,0,0,0,18.1,17,12,20,7,5,1,3,0,0,3,5.89,1.31
Wade Davis,COL,21,0,0,0,18.1,19,7,21,11,1,1,1,8,1,0,3.44,1.64
Seunghwan Oh,COL,21,0,0,0,18.1,29,19,16,6,6,3,1,0,1,3,9.33,1.91
Adam Morgan,PHI,24,0,0,0,18.1,8,4,18,5,2,2,1,0,1,12,1.96,0.71
Caleb Ferguson,LAD,18,1,0,0,18.1,21,11,19,11,4,0,1,0,0,3,5.40,1.75
Phil Maton,SD,17,0,0,0,18.0,20,11,13,4,3,0,0,0,0,2,5.50,1.33
Geoff Hartlieb,PIT,12,0,0,0,18.0,27,16,17,7,5,0,1,0,0,2,8.00,1.89
Daniel Stumpf,DET,28,0,0,0,18.0,23,8,20,10,3,1,0,0,1,5,4.00,1.83
Zac Reininger,DET,17,0,0,0,18.0,28,16,6,9,6,0,0,0,0,1,8.00,2.06
Tyler Clippard,CLE,17,1,0,0,18.0,10,7,18,4,1,0,0,0,0,1,3.50,0.78
Matt Magill,MIN,19,0,0,0,18.0,21,13,23,10,2,2,0,0,0,0,6.50,1.72
Mike Dunn,COL,28,0,0,0,17.2,17,14,15,6,4,1,0,0,1,2,7.13,1.30
Gregory Soto,DET,5,5,0,0,17.2,24,17,14,11,4,0,2,0,0,0,8.66,1.98
Jimmy Yacabonis,BAL,11,0,0,0,17.2,21,12,9,7,4,1,1,0,0,3,6.11,1.58
Pat Neshek,PHI,19,0,0,0,17.1,22,9,9,1,4,0,1,3,0,6,4.67,1.33
Mike Montgomery,CHC,15,0,0,0,17.1,23,9,12,8,3,1,1,0,1,2,4.67,1.79
Wilmer Font,NYM,8,3,0,0,17.1,18,10,9,8,3,0,1,0,0,0,5.19,1.50
Scott Alexander,LAD,28,0,0,0,17.1,17,7,9,7,2,3,2,0,0,6,3.63,1.38
Travis Bergen,SF,18,0,0,0,17.0,14,8,15,7,2,2,0,0,0,0,4.24,1.24
Neil Ramirez,CLE,16,0,0,0,16.2,18,10,18,9,5,0,1,0,0,2,5.40,1.62
Shawn Armstrong,BAL,16,0,0,0,16.2,9,3,20,8,2,0,0,1,1,4,1.62,1.02
Chasen Bradford,SEA,12,0,0,0,16.2,17,9,11,4,6,0,0,1,0,1,4.86,1.26
Casey Sadler,TB,8,0,0,0,16.1,13,3,10,4,2,0,0,0,0,0,1.65,1.04
Evan Marshall,CWS,16,0,0,0,16.1,9,0,11,3,0,2,0,0,0,4,0.00,0.73
Evan Phillips,BAL,15,0,0,0,16.1,20,14,22,14,0,0,1,0,0,3,7.71,2.08
David Hale,NYY,6,0,0,0,16.1,11,4,8,2,0,1,0,1,0,0,2.20,0.80
Jake Newberry,KC,11,0,0,0,16.0,17,8,13,3,5,0,0,0,1,1,4.50,1.25
Michael Feliz,PIT,15,1,0,0,16.0,15,13,21,10,2,2,3,0,0,0,7.31,1.56
Jose Suarez,LAA,3,3,0,0,16.0,14,8,13,6,3,2,1,0,0,0,4.50,1.25
Kevin McCarthy,KC,15,0,0,0,15.2,22,11,5,9,1,1,1,0,0,2,6.32,1.98
Justin Miller,WAS,17,0,0,0,15.2,16,7,11,4,5,1,0,0,1,4,4.02,1.28
Josh Lucas,BAL,9,0,0,0,15.2,14,10,16,7,2,0,0,1,0,0,5.74,1.34
Jeanmar Gomez,TEX,16,0,0,0,15.1,23,14,10,6,2,1,0,0,0,0,8.22,1.89
Reed Garrett,DET,13,0,0,0,15.1,24,14,10,13,3,0,0,0,1,0,8.22,2.41
Heath Fillmyer,KC,4,3,0,0,15.0,21,15,7,5,5,0,1,0,0,0,9.00,1.73
Carl Edwards Jr.,CHC,19,0,0,0,15.0,7,9,17,8,3,1,1,0,2,4,5.40,1.00
Jose Ruiz,CWS,17,0,0,0,15.0,22,8,12,11,3,0,0,0,0,1,4.80,2.20
Edgar Garcia,PHI,16,0,0,0,14.2,18,12,15,11,4,1,0,0,0,2,7.36,1.98
Drew Steckenrider,MIA,15,0,0,0,14.1,9,10,14,5,6,0,2,0,1,3,6.28,0.98
Jarlin Garcia,MIA,12,0,0,0,14.1,13,9,11,6,1,0,0,0,0,0,5.65,1.33
Austin Adams,SEA,13,2,0,0,14.1,9,6,20,7,2,0,0,0,1,2,3.77,1.12
Wes Parsons,ATL,15,0,0,0,14.1,11,6,12,11,2,1,2,0,0,1,3.77,1.53
Pedro Strop,CHC,17,0,0,0,14.1,8,7,16,7,2,1,2,8,2,0,4.40,1.05
Fernando Rodney,OAK,17,0,0,0,14.1,20,15,14,12,2,0,2,0,1,0,9.42,2.23
Javy Guerra,TOR,11,0,0,0,14.0,12,6,15,5,1,0,0,1,0,1,3.86,1.21
Wilmer Font,TB,10,0,0,0,14.0,15,9,18,5,2,1,0,0,0,1,5.79,1.43
Mike Morin,MIN,15,0,0,0,14.0,10,2,9,1,1,0,0,1,0,1,1.29,0.79
Zac Rosscup,SEA,19,0,0,0,14.0,13,5,20,14,1,2,0,0,1,5,3.21,1.93
Jonathan Loaisiga,NYY,4,3,0,0,14.0,13,7,13,8,2,1,1,0,0,0,4.50,1.50
A.J. Minter,ATL,18,0,0,0,14.0,18,13,20,11,2,0,4,3,1,3,8.36,2.07
Trevor Hildenberger,MIN,19,0,0,0,14.0,24,13,14,4,1,2,2,1,0,6,8.36,2.00
Kyle Wright,ATL,3,3,0,0,14.0,15,11,11,10,4,0,2,0,0,0,7.07,1.79
Joe Ross,WAS,16,0,0,0,13.2,17,14,12,8,2,0,0,0,1,2,9.22,1.83
Anthony Swarzak,SEA,15,0,0,0,13.2,14,8,17,8,6,2,2,3,3,0,5.27,1.61
Ervin Santana,CWS,3,3,0,0,13.1,19,14,5,6,6,0,2,0,0,0,9.45,1.88
Tony Sipp,WAS,24,0,0,0,13.1,12,7,10,5,0,1,1,0,0,6,4.73,1.28
Jairo Diaz,COL,13,0,0,0,13.1,12,8,14,2,3,1,1,0,0,4,5.40,1.05
Mike Wright Jr.,BAL,10,0,0,0,13.1,20,14,14,7,5,0,1,1,1,0,9.45,2.03
Josh A. Smith,BOS,7,2,0,0,13.1,18,9,12,4,2,0,2,1,0,0,6.08,1.65
A.J. Cole,CLE,12,0,0,0,13.0,13,4,17,4,1,2,1,0,0,0,2.77,1.31
Oliver Drake,TB,10,0,0,0,12.2,6,1,15,4,1,0,0,0,0,0,0.71,0.79
Taylor Cole,LAA,8,1,0,0,12.2,13,7,15,6,0,0,0,0,0,0,4.97,1.50
Austin Pruitt,TB,5,0,0,0,12.2,12,9,9,5,2,0,0,0,0,0,6.39,1.34
Richard Lovelady,KC,16,0,0,0,12.2,14,6,11,4,1,0,0,0,0,2,4.26,1.42
Devin Smeltzer,MIN,2,2,0,0,12.1,8,5,9,3,4,0,1,0,0,0,3.65,0.89
Alex McRae,PIT,4,0,0,0,12.1,16,12,15,6,6,0,2,0,0,0,8.76,1.78
Alex Cobb,BAL,3,3,0,0,12.1,21,15,8,2,9,0,2,0,0,0,10.95,1.86
Anthony Swarzak,ATL,12,0,0,0,12.1,4,1,16,6,1,0,0,1,0,6,0.73,0.81
Javy Guerra,WAS,7,0,0,0,12.1,10,3,9,3,1,0,0,0,0,0,2.19,1.05
Chad Sobotka,ATL,13,0,0,0,12.0,13,11,17,9,3,0,0,0,0,1,8.25,1.83
Kohl Stewart,MIN,2,2,0,0,12.0,14,8,3,5,3,1,1,0,0,0,6.00,1.58
Mike Clevinger,CLE,2,2,0,0,12.0,2,0,22,4,0,1,0,0,0,0,0.00,0.50
Peter Lambert,COL,2,2,0,0,12.0,7,2,12,3,1,2,0,0,0,0,1.50,0.83
Matt Festa,SEA,10,0,0,0,12.0,11,7,10,8,1,0,1,0,1,3,5.25,1.58
D.J. Johnson,COL,14,0,0,0,11.2,15,12,10,11,0,0,1,0,0,1,9.26,2.23
Keone Kela,PIT,14,0,0,0,11.2,11,6,11,4,3,1,0,0,4,2,4.63,1.29
Tyler Bashlor,NYM,13,0,0,0,11.2,10,7,12,7,3,0,3,0,3,0,5.40,1.46
Jerry Blevins,ATL,18,0,0,0,11.2,12,7,17,9,2,1,0,0,0,6,5.40,1.80
Anthony Bass,SEA,9,0,0,0,11.2,8,4,8,4,1,1,1,1,1,0,3.09,1.03
Jesse Biddle,ATL,15,0,0,0,11.2,18,7,11,10,1,0,1,0,0,0,5.40,2.40
Alex Wilson,MIL,13,0,0,0,11.1,15,12,13,9,3,1,1,1,0,1,9.53,2.12
Adalberto Mejia,MIN,11,0,0,0,11.1,11,11,11,9,2,0,1,0,1,2,8.74,1.76
Tanner Rainey,WAS,12,0,0,0,11.1,5,2,17,5,1,1,1,0,2,3,1.59,0.88
Chance Adams,NYY,3,0,0,0,11.1,9,5,10,5,2,1,0,1,0,0,3.97,1.24
Mike Wright Jr.,SEA,7,0,0,0,11.0,18,11,13,4,1,0,0,0,0,0,9.00,2.00
Yency Almonte,COL,8,0,0,0,11.0,7,3,8,6,0,0,0,0,0,0,2.45,1.18
Ryan Tepera,TOR,12,0,0,0,11.0,12,8,9,6,4,0,2,0,0,2,6.55,1.64
Allen Webster,CHC,12,0,0,0,11.0,14,6,9,5,2,0,0,1,0,0,4.91,1.73
Edubray Ramos,PHI,14,0,0,0,11.0,14,5,8,4,1,1,0,0,1,2,4.09,1.64
Luis Avilan,NYM,11,0,0,0,10.2,17,11,11,5,2,1,0,0,0,0,9.28,2.06
Jake McGee,COL,11,0,0,0,10.2,10,2,9,3,2,0,0,0,0,0,1.69,1.22
Taylor Williams,MIL,7,0,0,0,10.2,19,15,10,5,1,1,1,0,0,0,12.66,2.25
Rookie Davis,PIT,5,1,0,0,10.2,12,8,10,8,3,0,1,0,0,0,6.75,1.88
Gerardo Reyes,SD,11,0,0,0,10.2,14,16,13,7,1,2,0,0,0,1,13.50,1.97
Ryan Helsley,STL,7,0,0,0,10.1,5,4,12,5,2,0,0,0,0,0,3.48,0.97
Yefry Ramirez,BAL,4,1,0,0,10.1,11,8,11,9,2,0,2,0,0,0,6.97,1.94
Carson Fulmer,CWS,8,0,0,0,10.1,11,8,11,11,1,1,1,0,0,1,6.97,2.13
Nate Jones,CWS,13,0,0,0,10.1,10,4,10,7,2,0,1,1,0,2,3.48,1.65
Matt Moore,DET,2,2,0,0,10.0,3,0,9,1,0,0,0,0,0,0,0.00,0.40
Kyle McGowin,WAS,3,1,0,0,10.0,14,11,11,2,3,0,0,1,0,0,9.90,1.60
Harrison Musgrave,COL,10,0,0,0,10.0,9,4,12,7,0,0,0,0,0,0,3.60,1.60
Genesis Cabrera,STL,3,2,0,0,10.0,15,8,8,6,2,0,2,0,0,0,7.20,2.10
Joe Harvey,NYY,9,0,0,0,10.0,11,5,11,7,1,1,0,0,0,0,4.50,1.80
Andrew Suarez,SF,2,2,0,0,10.0,13,10,7,7,3,0,2,0,0,0,9.00,2.00
Wei-Chung Wang,OAK,7,0,0,0,9.2,5,2,6,1,1,0,0,0,0,0,1.86,0.62
Jimmie Sherfy,ARI,5,0,0,0,9.2,11,1,9,5,0,0,0,0,0,0,0.93,1.66
Matt Bowman,CIN,8,0,0,0,9.2,4,1,9,2,1,0,0,0,0,0,0.93,0.62
Carlos Martinez,STL,10,0,0,0,9.2,6,4,9,4,1,1,0,1,1,1,3.72,1.03
Montana DuRapau,PIT,9,2,0,0,9.2,15,10,12,4,3,0,1,0,0,0,9.31,1.97
Justin Wilson,NYM,10,0,0,0,9.1,9,5,9,4,2,1,1,1,0,1,4.82,1.39
Shane Carle,ATL,6,0,0,0,9.1,11,10,6,9,3,0,0,0,0,0,9.64,2.14
Ryan Dull,OAK,7,0,0,0,9.0,19,12,8,4,4,0,0,0,0,1,12.00,2.56
Austin Davis,PHI,6,0,0,0,9.0,10,5,8,9,2,0,0,0,0,0,5.00,2.11
Daniel Ponce de Leon,STL,2,2,0,0,9.0,4,2,10,7,1,0,0,0,0,0,2.00,1.22
Jesse Biddle,SEA,9,0,0,0,9.0,16,8,6,5,1,0,0,0,1,1,8.00,2.33
Travis Lakins,BOS,6,0,0,0,9.0,8,5,5,6,0,0,1,0,0,1,5.00,1.56
Cody Anderson,CLE,5,2,0,0,8.2,12,9,9,8,1,0,1,0,1,0,9.35,2.31
Nick Tropeano,LAA,2,0,0,0,8.2,12,8,7,3,5,0,0,0,0,0,8.31,1.73
Dillon Peters,LAA,4,0,0,0,8.2,10,4,8,3,3,1,0,0,0,0,4.15,1.50
Nick Burdi,PIT,11,0,0,0,8.2,11,9,17,3,1,2,1,0,1,0,9.35,1.62
Chris Stratton,PIT,4,0,0,0,8.1,12,5,8,2,2,1,0,0,0,0,5.40,1.68
Mike Shawaryn,BOS,4,0,0,0,8.1,1,1,13,2,1,0,0,0,0,0,1.08,0.36
Mike Mayers,STL,8,0,0,0,8.1,10,5,8,5,2,0,1,0,0,1,5.40,1.80
Fernando Romero,MIN,8,0,0,0,8.0,12,7,8,5,2,0,0,0,0,0,7.88,2.13
Jake Petricka,MIL,6,0,0,0,8.0,6,3,3,6,0,0,0,0,0,0,3.38,1.50
Hector Santiago,NYM,8,0,0,0,8.0,10,6,6,5,1,1,0,0,0,0,6.75,1.88
Jon Edwards,CLE,9,0,0,0,8.0,5,2,5,6,2,2,0,0,0,0,2.25,1.38
Josh Rogers,BAL,2,0,0,0,8.0,9,7,2,3,3,0,0,0,0,0,7.88,1.50
Edinson Volquez,TEX,2,2,0,0,7.2,10,6,6,8,2,0,0,0,0,0,7.04,2.35
Brian Flynn,KC,3,0,0,0,7.2,9,1,6,4,0,0,0,0,0,0,1.17,1.70
Elieser Hernandez,MIA,2,1,0,0,7.2,9,5,7,2,0,0,1,0,0,0,5.87,1.43
Jeff Brigham,MIA,6,0,0,0,7.2,8,5,11,6,2,0,0,0,0,0,5.87,1.83
Jake Jewell,LAA,5,0,0,0,7.1,7,7,8,4,3,0,0,0,0,1,8.59,1.50
Lucas Sims,CIN,1,1,0,0,7.1,6,4,9,1,1,1,0,0,0,0,4.91,0.95
Tim Peterson,NYM,6,0,0,0,7.1,7,4,3,7,1,0,0,0,0,0,4.91,1.91
Aaron Wilkerson,MIL,3,0,0,0,7.1,13,6,8,3,0,0,0,0,0,0,7.36,2.18
Enyel De Los Santos,PHI,4,0,0,0,7.0,6,5,7,2,3,0,0,0,0,0,6.43,1.14
Paul Sewald,NYM,4,0,0,0,7.0,5,3,4,2,1,0,0,0,0,0,3.86,1.00
Jordan Yamamoto,MIA,1,1,0,0,7.0,3,0,5,2,0,1,0,0,0,0,0.00,0.71
Mitch Keller,PIT,2,2,0,0,7.0,17,12,9,4,1,0,1,0,0,0,15.43,3.00
Randy Rosario,CHC,8,0,0,0,7.0,8,5,9,5,1,0,0,0,1,0,6.43,1.86
Jimmy Nelson,MIL,2,2,0,0,7.0,9,8,8,6,1,0,1,0,0,0,10.29,2.14
David Robertson,PHI,7,0,0,0,6.2,8,4,6,6,1,0,1,0,0,2,5.40,2.10
Tim Collins,CHC,6,0,0,0,6.2,9,3,4,3,1,0,0,0,0,0,4.05,1.80
Tanner Scott,BAL,8,0,0,0,6.2,11,5,12,8,2,0,0,0,0,0,6.75,2.85
Donnie Hart,MIL,4,0,0,0,6.2,4,0,3,4,0,0,0,0,0,0,0.00,1.20
Corey Oswalt,NYM,2,0,0,0,6.2,9,9,5,6,1,0,1,0,0,0,12.15,2.25
Kyle Bird,TEX,6,0,0,0,6.2,4,5,5,10,2,0,0,1,0,0,6.75,2.10
JD Hammer,PHI,7,0,0,0,6.1,4,3,7,2,2,0,0,0,0,0,4.26,0.95
Miguel Diaz,SD,5,0,0,0,6.1,9,5,4,1,1,0,0,0,0,1,7.11,1.58
Cody Reed,CIN,3,0,0,0,6.1,6,1,7,1,0,0,0,0,0,0,1.42,1.11
Zack Littell,MIN,2,0,0,0,6.1,10,8,5,1,1,0,0,0,0,0,11.37,1.74
Tayler Scott,SEA,3,0,0,0,6.1,9,4,6,2,1,0,0,0,0,0,5.68,1.74
Dovydas Neverauskas,PIT,7,0,0,0,6.1,9,7,6,5,0,0,0,0,0,1,9.95,2.21
Stephen Tarpley,NYY,8,0,0,0,6.1,7,6,10,5,1,0,0,1,0,0,8.53,1.89
Austin Adams,DET,5,0,0,0,6.1,6,2,6,4,1,0,0,0,0,0,2.84,1.58
Trevor Rosenthal,WAS,10,0,0,0,6.0,8,13,5,12,0,0,1,0,0,0,19.50,3.33
Robert Stock,SD,7,0,0,0,6.0,7,6,9,6,1,1,0,0,1,0,9.00,2.17
Drew VerHagen,DET,10,0,0,0,6.0,10,10,7,10,1,1,0,0,0,1,15.00,3.33
Thyago Vieira,CWS,5,0,0,0,6.0,10,6,8,4,0,1,0,0,0,0,9.00,2.33
Odrisamer Despaigne,CWS,1,1,0,0,6.0,7,3,2,2,1,0,1,0,0,0,4.50,1.50
Drew Anderson,PHI,2,0,0,0,6.0,6,5,6,6,1,0,0,0,0,0,7.50,2.00
Daniel Zamora,NYM,11,0,0,0,6.0,8,4,6,4,1,0,0,0,0,0,6.00,2.00
Chris Flexen,NYM,2,1,0,0,5.2,9,7,1,8,0,0,2,0,0,0,11.12,3.00
Justin Shafer,TOR,4,0,0,0,5.2,8,3,6,5,2,0,1,0,0,0,4.76,2.29
Dillon Maples,CHC,7,0,0,0,5.2,1,0,10,9,0,1,0,0,0,0,0.00,1.76
Nick Goody,CLE,4,0,0,0,5.2,3,2,9,3,2,0,0,0,0,0,3.18,1.06
Brian Johnson,BOS,4,0,0,0,5.2,10,8,7,3,3,1,0,0,0,0,12.71,2.29
Burch Smith,MIL,3,0,0,0,5.2,3,1,5,3,1,0,1,0,0,0,1.59,1.06
Luke Gregerson,STL,6,0,0,0,5.2,11,5,2,1,0,0,0,0,0,0,7.94,2.12
Ryan Feierabend,TOR,2,1,1,0,5.2,11,7,4,1,2,0,1,0,0,0,11.12,2.12
Tanner Anderson,OAK,1,1,0,0,5.2,3,2,5,2,1,0,1,0,0,0,3.18,0.88
Wei-Chieh Huang,TEX,4,0,0,0,5.2,8,2,2,5,0,0,0,0,0,0,3.18,2.29
Pedro Avila,SD,1,1,0,0,5.1,4,1,5,2,0,0,0,0,0,0,1.69,1.13
Nate Karns,BAL,4,2,0,0,5.1,7,0,5,3,0,0,1,0,0,0,0.00,1.88
Darwinzon Hernandez,BOS,2,1,0,0,5.1,7,3,11,6,0,0,1,0,0,0,5.06,2.44
David McKay,SEA,5,0,0,0,5.0,4,1,4,3,0,0,0,0,0,0,1.80,1.40
Dennis Santana,LAD,3,0,0,0,5.0,6,4,6,4,1,0,0,0,0,0,7.20,2.00
Josh D. Smith,CLE,6,0,0,0,5.0,7,3,9,5,0,0,0,0,0,0,5.40,2.40
Carlos Torres,DET,3,0,0,0,5.0,8,5,6,0,2,0,0,0,0,0,9.00,1.60
Brady Rodgers,HOU,3,0,0,0,5.0,7,9,4,3,4,0,0,0,0,0,16.20,2.00
Josh Taylor,BOS,5,0,0,0,5.0,12,6,6,0,1,0,0,0,0,0,10.80,2.40
Cionel Perez,HOU,2,0,0,0,5.0,4,3,4,0,1,1,1,0,0,0,5.40,0.80
Andrew Moore,SEA,1,1,0,0,4.2,6,4,2,1,2,0,0,0,0,0,7.71,1.50
Dan Jennings,WAS,8,0,0,0,4.2,8,7,9,7,1,1,2,0,2,0,13.50,3.21
Jonny Venters,ATL,9,0,0,0,4.2,9,9,7,8,3,0,0,1,1,1,17.36,3.64
Victor Arano,PHI,3,0,0,0,4.2,2,2,7,2,1,1,0,0,0,0,3.86,0.86
Peter Fairbanks,TEX,3,0,0,0,4.2,2,1,7,2,1,0,1,0,0,0,1.93,0.86
Colin Poche,TB,4,0,0,0,4.1,3,4,5,1,1,0,1,0,0,1,8.31,0.92
Reymin Guduan,HOU,6,0,0,0,4.1,7,7,5,4,3,1,0,0,1,0,14.54,2.54
Bryse Wilson,ATL,2,1,0,0,4.1,5,4,4,4,1,0,0,0,0,0,8.31,2.08
Grant Dayton,ATL,5,0,0,0,4.0,4,0,1,1,0,0,0,0,0,0,0.00,1.25
Arodys Vizcaino,ATL,4,0,0,0,4.0,3,1,6,3,1,1,0,1,1,0,2.25,1.50
Tyler Lyons,PIT,3,0,0,0,4.0,6,5,5,3,1,1,1,0,0,1,11.25,2.25
Jacob Waguespack,TOR,1,0,0,0,4.0,3,2,7,1,0,0,0,0,0,0,4.50,1.00
Dario Agrazal,PIT,1,1,0,0,4.0,6,2,3,0,0,0,0,0,0,0,4.50,1.50
Ranger Suarez,PHI,1,0,0,0,4.0,7,4,6,1,2,0,0,0,0,0,9.00,2.00
Gerson Bautista,SEA,4,2,0,0,4.0,6,5,2,7,0,0,1,0,0,0,11.25,3.25
Joe Palumbo,TEX,1,1,0,0,4.0,6,4,4,0,1,0,0,0,0,0,9.00,1.50
Stefan Crichton,ARI,5,0,0,0,4.0,2,0,4,0,0,0,0,0,0,0,0.00,0.50
Bobby Poyner,BOS,3,0,0,0,4.0,9,7,2,4,1,0,0,0,0,0,15.75,3.25
Jose Quijada,MIA,4,0,0,0,4.0,3,1,4,5,1,0,1,0,0,0,2.25,2.00
Tim Hill,KC,6,0,0,0,4.0,4,3,3,4,1,0,0,0,0,2,6.75,2.00
Brock Stewart,LAD,3,0,0,0,4.0,9,8,3,2,2,0,0,0,0,0,18.00,2.75
R.J. Alaniz,SEA,4,0,0,0,4.0,11,9,6,3,3,0,0,0,0,0,20.25,3.50
Jake Faria,TB,2,0,0,0,4.0,3,1,3,1,1,0,0,0,0,0,2.25,1.00
Shawn Armstrong,SEA,4,0,0,0,3.2,8,6,3,3,1,0,1,0,0,0,14.73,3.00
Jose Fernandez,DET,4,0,0,0,3.2,6,7,2,5,1,0,0,0,0,0,17.18,3.00
Parker Markel,SEA,4,0,0,0,3.2,9,6,3,3,2,0,0,0,0,0,14.73,3.27
Jake Barrett,NYY,2,0,0,0,3.2,6,6,4,2,2,0,0,0,0,0,14.73,2.18
Ryan Eades,MIN,2,0,0,0,3.2,4,0,5,2,0,0,0,0,0,0,0.00,1.64
Aaron Loup,SD,4,0,0,0,3.1,2,0,5,1,0,0,0,0,0,1,0.00,0.90
Pat Venditte,SF,2,0,0,0,3.1,4,6,2,2,1,0,0,0,0,0,16.20,1.80
Jacob Rhame,NYM,3,0,0,0,3.1,3,3,2,5,1,0,0,0,0,0,8.10,2.40
Ty Blach,SF,1,0,0,0,3.1,7,7,1,3,2,0,0,0,0,0,18.90,3.00
Luis Ortiz,BAL,1,1,0,0,3.1,4,4,3,5,2,0,1,0,0,0,10.80,2.70
Justus Sheffield,SEA,1,0,0,0,3.0,2,2,3,4,1,0,0,0,0,0,6.00,2.00
Sam Coonrod,SF,3,0,0,0,3.0,2,1,1,1,1,0,0,0,0,0,3.00,1.00
Alex Reyes,STL,4,0,0,0,3.0,2,5,1,6,1,0,1,0,0,2,15.00,2.67
Ryan Garton,SEA,2,0,0,0,3.0,4,4,1,1,2,0,0,0,0,0,12.00,1.67
Jaime Schultz,LAD,3,0,0,0,3.0,1,0,3,2,0,0,0,0,0,0,0.00,1.00
Paul Blackburn,OAK,1,1,0,0,3.0,5,5,4,3,1,0,1,0,0,0,15.00,2.67
Erasmo Ramirez,BOS,1,0,0,0,3.0,4,4,1,1,2,0,0,0,0,0,12.00,1.67
Rogelio Armenteros,HOU,1,0,0,0,3.0,2,0,3,0,0,0,0,1,0,0,0.00,0.67
Austin Adams,MIN,2,0,0,0,2.2,4,5,5,3,2,0,0,0,0,0,16.88,2.63
Yacksel Rios,PHI,3,0,0,0,2.2,3,0,2,3,1,0,0,0,0,0,0.00,2.25
Caleb Frare,CWS,5,0,0,0,2.2,2,3,3,4,1,0,0,0,0,0,10.13,2.25
John Curtiss,LAA,1,0,0,0,2.1,2,1,1,3,0,0,0,0,0,0,3.86,2.14
Eduardo Jimenez,DET,2,0,0,0,2.1,4,3,1,2,0,0,0,0,0,0,11.57,2.57
Jay Jackson,MIL,3,0,0,0,2.1,4,5,3,1,2,0,0,0,0,0,19.29,2.14
Hunter Strickland,SEA,3,0,0,0,2.1,2,3,3,0,1,0,1,2,1,0,11.57,0.86
Sam Freeman,LAA,1,0,0,0,2.0,3,1,0,2,1,0,0,0,0,0,4.50,2.50
Xavier Cedeno,CHC,5,0,0,0,2.0,4,0,1,3,0,0,0,0,0,0,0.00,3.50
Phillips Valdez,TEX,1,0,0,0,2.0,1,0,0,2,0,0,0,0,0,0,0.00,1.50
Nick Kingham,TOR,1,0,0,0,2.0,5,2,1,0,1,0,0,0,0,0,9.00,2.50
Kyle Zimmer,KC,3,0,0,0,2.0,2,2,2,5,0,0,1,0,0,0,9.00,3.50
Matt Wotherspoon,BAL,1,0,0,0,2.0,4,3,0,1,1,0,0,0,0,0,13.50,2.50
Sean Reid-Foley,TOR,1,1,0,0,2.0,4,3,3,2,1,0,1,0,0,0,13.50,3.00
Jordan Romano,TOR,2,0,0,0,2.0,0,0,3,0,0,0,0,0,0,0,0.00,0.00
Phillip Diehl,COL,2,0,0,0,2.0,4,4,3,1,1,0,0,0,0,0,18.00,2.50
JT Chargois,LAD,2,0,0,0,1.2,2,2,1,1,1,0,0,0,0,0,10.80,1.80
Nick Rumbelow,SEA,3,0,0,0,1.1,3,4,2,1,2,0,0,1,0,0,27.00,3.00
Jimmy Cordero,TOR,1,0,0,0,1.1,2,1,0,0,1,0,1,0,0,0,6.75,1.50
Ryan O'Rourke,NYM,2,0,0,0,1.1,0,0,1,3,0,0,0,0,0,0,0.00,2.25
Rowan Wick,CHC,1,0,0,0,1.0,2,1,1,0,0,0,0,0,0,0,9.00,2.00
Chris Rusin,COL,2,0,0,0,1.0,5,4,0,1,1,0,0,0,0,0,36.00,6.00
Zac Rosscup,TOR,2,0,0,0,1.0,3,3,2,2,0,0,0,0,0,0,27.00,5.00
Austin Adams,WAS,1,0,0,0,1.0,0,1,2,2,0,0,0,0,0,0,9.00,2.00
Chase De Jong,MIN,1,0,0,0,1.0,3,4,0,3,1,0,0,0,0,0,36.00,6.00
James Norwood,CHC,1,0,0,0,1.0,0,0,1,1,0,0,0,0,0,0,0.00,1.00
Chris Ellis,KC,1,0,0,0,1.0,1,0,0,1,0,0,0,0,0,0,0.00,2.00
Sandy Baez,DET,1,0,0,0,1.0,2,1,0,0,0,0,0,0,0,0,9.00,2.00
Jesus Tinoco,COL,1,0,0,0,1.0,1,0,2,0,0,0,0,0,0,0,0.00,1.00
Williams Jerez,SF,1,0,0,0,1.0,0,0,0,2,0,0,0,0,0,0,0.00,2.00
Ben Lively,KC,1,0,0,0,1.0,3,3,1,0,1,0,0,0,0,0,27.00,3.00
Matt Ramsey,LAA,1,0,0,0,1.0,0,0,1,0,0,0,0,0,0,0,0.00,0.00
Pedro Araujo,BAL,1,0,0,0,0.2,2,2,0,1,1,0,0,0,0,0,27.00,4.50
James Bourque,WAS,1,0,0,0,0.2,3,4,0,2,0,0,0,0,0,0,54.00,7.50
Dan Altavilla,SEA,2,0,0,0,0.2,2,3,0,5,0,0,0,0,1,0,40.50,10.50
David Carpenter,TEX,1,0,0,0,0.2,1,2,0,2,0,0,0,0,0,0,27.00,4.50
Austen Williams,WAS,2,0,0,0,0.1,5,6,1,1,2,0,0,0,0,0,162.00,18.00
Taylor Hearn,TEX,1,1,0,0,0.1,3,4,0,4,0,0,1,0,0,0,108.00,21.00
