Player,Team,Pos,G,AB,R,H,2B,3B,HR,RBI,SB,CS,BB,SO,SH,SF,HBP,AVG,OBP,SLG,OPS
Whit Merrifield,KC,2B,70,291,48,88,18,7,8,32,10,5,19,56,0,1,3,.302,.350,.495,.845
Marcus Semien,OAK,SS,72,290,46,81,15,1,10,36,5,4,38,47,0,1,0,.279,.362,.441,.803
Ketel Marte,ARI,2B,70,286,47,80,14,3,19,49,3,0,22,49,0,2,2,.280,.333,.549,.882
Trevor Story,COL,SS,69,282,63,82,18,2,16,47,12,4,27,83,0,1,4,.291,.360,.539,.899
Domingo Santana,SEA,OF,70,281,37,78,14,1,13,49,5,2,26,89,0,2,2,.278,.341,.473,.814
Eduardo Escobar,ARI,SS,70,280,47,82,17,5,17,57,1,1,24,65,0,4,3,.293,.350,.571,.921
Ozzie Albies,ATL,2B,71,280,42,77,13,3,10,33,5,2,27,48,0,2,2,.275,.341,.450,.791
Ronald Acuna,ATL,OF,70,279,45,80,10,1,15,45,9,3,30,78,0,0,5,.287,.366,.491,.857
Javier Baez,CHC,SS,68,278,44,80,18,2,17,46,2,3,16,90,0,1,0,.288,.325,.550,.875
Adalberto Mondesi,KC,SS,68,278,39,77,16,8,6,44,26,3,16,81,1,5,0,.277,.311,.457,.768
Lorenzo Cain,MIL,OF,66,277,42,69,19,0,4,27,7,3,21,52,0,3,3,.249,.306,.361,.667
Freddie Freeman,ATL,1B,70,276,51,85,17,2,19,49,1,2,37,51,0,0,4,.308,.397,.591,.988
Rafael Devers,BOS,3B,70,276,50,84,18,2,10,44,8,4,23,51,1,1,2,.304,.361,.493,.854
Jose Abreu,CWS,1B,69,273,35,71,19,0,16,53,2,2,17,70,0,4,2,.260,.304,.505,.809
Nolan Arenado,COL,3B,69,272,51,89,16,2,17,57,2,1,25,36,0,4,2,.327,.383,.588,.971
Eric Hosmer,SD,1B,70,270,40,77,12,1,10,46,0,0,21,59,0,1,1,.285,.338,.448,.786
Starlin Castro,MIA,2B,68,269,19,62,6,1,4,28,1,0,13,44,0,5,0,.230,.261,.305,.566
Jonathan Villar,BAL,2B,70,269,38,67,17,1,7,27,12,4,22,69,2,2,2,.249,.308,.398,.706
Mookie Betts,BOS,OF,70,269,53,70,17,0,11,31,6,1,52,46,0,2,2,.260,.382,.446,.828
Matt Chapman,OAK,3B,70,268,44,69,15,2,16,37,0,1,33,58,0,2,4,.257,.345,.507,.852
Jorge Polanco,MIN,SS,66,267,45,89,21,5,10,37,2,3,26,44,0,3,2,.333,.393,.562,.955
Josh Bell,PIT,1B,69,266,51,86,26,3,19,64,0,1,31,62,0,4,1,.323,.391,.658,1.049
Dansby Swanson,ATL,SS,71,266,43,71,12,3,13,43,6,3,25,59,1,5,4,.267,.333,.481,.814
Trey Mancini,BAL,1B,67,264,49,81,18,2,15,34,1,0,21,59,0,3,2,.307,.359,.561,.920
Amed Rosario,NYM,SS,67,264,26,64,11,4,8,36,6,2,16,65,1,1,0,.242,.285,.405,.690
Jorge Soler,KC,OF,70,262,34,65,17,0,18,49,0,1,18,84,0,2,3,.248,.302,.519,.821
Xander Bogaerts,BOS,SS,69,262,55,77,20,0,14,46,2,1,41,58,0,4,0,.294,.384,.531,.915
Nicholas Castellanos,DET,OF,65,262,39,68,21,3,7,24,1,1,20,66,0,2,2,.260,.315,.443,.758
Eddie Rosario,MIN,OF,65,262,47,68,9,1,19,52,2,1,14,41,0,2,0,.260,.295,.519,.814
Michael Brantley,HOU,OF,67,262,34,81,19,1,10,39,3,2,23,26,0,1,3,.309,.370,.504,.874
Randal Grichuk,TOR,OF,68,261,33,56,10,1,12,26,1,0,19,81,0,1,2,.215,.272,.398,.670
DJ LeMahieu,NYY,2B,64,261,43,81,16,0,7,41,3,0,18,39,1,3,2,.310,.356,.452,.808
Paul Goldschmidt,STL,1B,69,261,40,68,6,0,12,27,0,1,33,72,0,0,2,.261,.348,.421,.769
Stephen Piscotty,OAK,OF,65,260,34,65,13,1,8,29,2,0,24,64,1,2,1,.250,.314,.400,.714
Bryce Harper,PHI,OF,70,260,41,64,21,0,12,48,3,2,42,90,0,1,2,.246,.354,.465,.819
Andrew Benintendi,BOS,OF,64,259,36,69,15,3,7,32,7,2,32,70,2,3,4,.266,.352,.429,.781
Yuli Gurriel,HOU,1B,65,259,35,66,16,2,5,32,3,3,13,31,0,5,1,.255,.288,.390,.678
Adam Eaton,WAS,OF,67,258,38,70,7,3,6,18,5,2,29,53,3,2,5,.271,.354,.391,.745
Manny Machado,SD,SS,69,257,39,67,10,0,13,38,1,1,30,61,0,2,3,.261,.342,.451,.793
Starling Marte,PIT,OF,59,257,42,74,14,2,10,34,11,1,8,47,1,1,7,.288,.326,.475,.801
Cesar Hernandez,PHI,2B,69,257,30,68,15,3,7,33,4,1,20,37,0,3,4,.265,.324,.428,.752
Paul DeJong,STL,SS,68,256,47,71,18,1,12,33,5,0,31,54,0,2,5,.277,.364,.496,.860
Ramon Laureano,OAK,OF,71,255,38,65,13,0,9,30,8,2,13,70,0,3,5,.255,.301,.412,.713
Marcell Ozuna,STL,OF,67,254,49,66,13,0,18,56,7,1,27,62,0,1,1,.260,.332,.524,.856
Brian Anderson,MIA,3B,67,253,22,62,13,0,7,28,4,1,27,64,0,2,7,.245,.332,.379,.711
Nomar Mazara,TEX,OF,65,253,39,67,14,1,9,39,3,1,16,58,0,2,4,.265,.316,.435,.751
Jose Ramirez,CLE,3B,68,252,25,51,11,1,4,24,16,2,33,42,0,3,2,.202,.297,.302,.599
Yoan Moncada,CWS,2B,63,251,38,74,13,2,12,39,5,3,19,76,1,1,2,.295,.348,.506,.854
Pete Alonso,NYM,1B,69,251,43,66,14,2,23,53,0,0,25,76,0,2,9,.263,.348,.610,.958
Luke Voit,NYY,1B,67,251,46,66,8,1,17,45,0,0,42,77,0,1,6,.263,.380,.506,.886
Elvis Andrus,TEX,SS,60,251,39,76,16,2,6,39,14,2,12,43,0,3,4,.303,.341,.454,.795
Mike Moustakas,MIL,3B,63,250,46,70,15,0,21,45,3,0,21,51,0,0,4,.280,.345,.592,.937
Adam Jones,ARI,OF,65,249,36,69,15,0,13,39,1,1,14,44,0,2,4,.277,.323,.494,.817
Nick Ahmed,ARI,SS,70,249,36,69,20,2,5,28,4,0,21,55,1,6,1,.277,.329,.434,.763
Rhys Hoskins,PHI,OF,69,248,38,68,14,2,15,49,1,2,48,72,0,2,4,.274,.397,.528,.925
Adam Frazier,PIT,2B,64,248,35,65,12,4,3,16,2,2,18,35,2,0,4,.262,.322,.379,.701
Anthony Rizzo,CHC,1B,66,247,45,69,11,1,19,51,3,2,33,41,0,1,12,.279,.389,.563,.952
Freddy Galvis,TOR,SS,65,247,30,61,13,0,9,27,2,1,14,61,0,0,0,.247,.287,.409,.696
Eugenio Suarez,CIN,3B,68,247,34,64,13,0,15,42,1,2,30,68,0,4,3,.259,.342,.494,.836
Mitch Haniger,SEA,OF,63,246,46,54,13,1,15,32,4,0,30,81,0,2,5,.220,.314,.463,.777
Nick Markakis,ATL,OF,71,246,45,66,15,2,6,35,0,0,38,35,0,4,1,.268,.363,.419,.782
Shin-Soo Choo,TEX,OF,65,246,48,69,17,2,11,29,4,1,31,74,0,0,10,.280,.383,.500,.883
Renato Nunez,BAL,3B,68,246,33,60,12,0,16,38,0,1,15,65,0,0,4,.244,.298,.488,.786
Alex Bregman,HOU,SS,69,246,47,67,10,0,19,48,3,1,52,38,0,5,4,.272,.401,.545,.946
Cody Bellinger,LAD,1B,68,245,53,87,13,2,22,57,8,5,44,43,0,3,1,.355,.451,.694,1.145
Kris Bryant,CHC,3B,66,244,55,67,19,1,15,38,1,0,39,53,0,1,10,.275,.395,.545,.940
Alex Gordon,KC,OF,66,244,40,65,16,1,10,39,4,0,23,48,1,4,10,.266,.349,.463,.812
Jean Segura,PHI,SS,60,244,42,68,16,3,6,27,4,1,16,30,1,1,3,.279,.330,.443,.773
Jurickson Profar,OAK,SS,65,243,29,53,10,1,9,39,5,0,17,37,0,1,4,.218,.279,.379,.658
Gleyber Torres,NYY,SS,64,243,38,70,13,0,15,36,3,1,20,61,1,4,1,.288,.340,.527,.867
J.T. Realmuto,PHI,C,66,242,44,67,13,0,10,36,3,1,18,59,0,3,3,.277,.331,.455,.786
Leury Garcia,CWS,OF,62,242,46,67,11,0,4,21,7,3,10,60,2,2,4,.277,.314,.372,.686
Christian Walker,ARI,1B,68,242,36,61,17,1,12,27,4,1,26,76,0,0,2,.252,.330,.479,.809
Carlos Santana,CLE,1B,68,242,45,70,13,1,14,42,2,0,49,47,0,0,1,.289,.411,.525,.936
Edwin Encarnacion,SEA,1B,65,241,48,58,7,0,21,49,0,1,41,55,0,3,4,.241,.356,.531,.887
Tommy Pham,TB,OF,63,241,29,72,9,2,9,30,6,3,42,50,0,1,3,.299,.408,.465,.873
J.D. Martinez,BOS,OF,62,240,41,73,14,1,16,39,1,0,29,48,0,2,2,.304,.381,.571,.952
Kole Calhoun,LAA,OF,66,240,40,55,13,1,14,36,3,1,31,60,0,2,3,.229,.322,.467,.789
Matt Carpenter,STL,1B,66,239,36,53,10,1,9,25,4,1,39,68,0,2,2,.222,.333,.385,.718
David Peralta,ARI,OF,58,239,33,69,20,2,9,37,0,0,18,59,0,1,3,.289,.345,.502,.847
Steven Duggar,SF,OF,64,239,25,57,11,2,4,28,1,4,14,74,0,3,1,.238,.280,.351,.631
Orlando Arcia,MIL,SS,69,238,30,59,10,1,8,29,3,3,24,54,0,1,0,.248,.316,.399,.715
Yasiel Puig,CIN,OF,63,238,25,53,7,0,12,35,9,2,13,63,0,2,1,.223,.264,.403,.667
Josh Donaldson,ATL,3B,67,238,39,58,16,0,11,31,1,1,37,77,0,0,3,.244,.353,.450,.803
Charlie Blackmon,COL,OF,54,238,48,79,17,6,15,44,2,2,15,45,0,1,5,.332,.382,.643,1.025
Avisail Garcia,TB,OF,59,238,35,71,11,1,11,31,6,2,17,58,0,0,4,.298,.355,.492,.847
Max Kepler,MIN,OF,62,237,47,63,16,0,17,44,1,4,31,40,0,4,2,.266,.350,.549,.899
Josh Reddick,HOU,OF,63,237,30,71,9,1,8,25,4,2,16,28,0,6,0,.300,.336,.447,.783
Corey Seager,LAD,SS,66,237,40,66,21,0,8,38,1,0,28,51,0,2,3,.278,.359,.468,.827
Tim Anderson,CWS,SS,62,236,35,75,11,0,10,32,15,3,7,48,0,0,3,.318,.346,.492,.838
Victor Robles,WAS,OF,67,235,38,55,11,1,9,28,9,4,15,66,4,3,10,.234,.304,.404,.708
Joey Votto,CIN,1B,62,233,32,59,11,1,6,15,1,0,29,62,0,1,3,.253,.342,.386,.728
Max Muncy,LAD,1B,69,233,43,65,11,1,16,43,3,1,38,69,0,3,0,.279,.376,.541,.917
Christian Yelich,MIL,OF,63,231,56,79,11,2,26,56,16,1,41,48,0,3,4,.342,.444,.745,1.189
Miguel Cabrera,DET,1B,64,231,17,68,11,0,4,29,0,0,22,54,0,3,2,.294,.357,.394,.751
Willy Adames,TB,SS,64,231,29,56,9,1,6,19,3,1,21,67,1,0,1,.242,.308,.368,.676
David Fletcher,LAA,2B,66,231,33,71,12,2,5,25,5,2,19,17,0,0,0,.307,.360,.442,.802
Kyle Schwarber,CHC,OF,65,231,36,54,8,1,15,33,1,2,34,75,0,5,1,.234,.328,.472,.800
Kevin Pillar,SF,OF,63,230,29,55,12,0,8,31,8,1,7,38,0,3,3,.239,.267,.396,.663
Niko Goodrum,DET,2B,62,230,36,54,14,3,6,18,7,2,27,72,0,2,1,.235,.315,.400,.715
C.J. Cron,MIN,1B,62,229,32,62,15,0,15,46,0,0,18,54,0,2,4,.271,.332,.533,.865
Brandon Lowe,TB,2B,62,229,34,66,15,1,14,43,3,0,17,84,0,1,3,.288,.344,.546,.890
David Dahl,COL,OF,61,228,43,77,19,4,7,35,2,4,18,62,1,3,3,.338,.389,.548,.937
Brett Gardner,NYY,OF,65,226,41,51,9,4,11,27,6,2,25,37,0,2,2,.226,.306,.447,.753
Jason Heyward,CHC,OF,65,226,33,57,4,2,10,26,4,1,34,43,0,2,1,.252,.350,.420,.770
Dwight Smith,BAL,OF,59,225,31,56,11,2,11,41,4,1,13,50,0,2,3,.249,.296,.462,.758
Juan Soto,WAS,OF,60,225,38,65,13,1,11,41,3,0,34,58,0,1,1,.289,.383,.502,.885
Tommy La Stella,LAA,3B,64,224,40,68,6,0,15,39,0,0,17,20,0,0,3,.304,.361,.531,.892
Kolten Wong,STL,2B,68,224,28,56,10,1,7,30,13,0,26,41,1,3,5,.250,.337,.397,.734
Ryan Braun,MIL,OF,64,224,28,61,9,0,11,37,4,1,15,56,0,0,2,.272,.324,.460,.784
Justin Turner,LAD,3B,63,224,33,69,10,0,7,28,1,0,26,38,0,4,8,.308,.393,.446,.839
Mike Trout,LAA,OF,67,224,53,63,16,1,18,44,7,1,63,53,0,2,9,.281,.453,.603,1.056
Miguel Rojas,MIA,SS,66,223,22,61,12,0,0,18,5,3,21,30,0,3,2,.274,.337,.327,.664
Joe Panik,SF,2B,61,223,24,55,12,0,3,20,3,2,23,28,0,3,2,.247,.319,.341,.660
Kevin Kiermaier,TB,OF,63,223,32,57,10,4,8,31,13,3,17,51,1,1,1,.256,.310,.444,.754
Enrique Hernandez,LAD,2B,65,222,26,47,6,1,10,33,0,0,20,59,0,3,2,.212,.279,.383,.662
Leonys Martin,CLE,OF,61,222,31,46,7,0,9,19,4,5,20,74,3,0,4,.207,.285,.360,.645
Brandon Crawford,SF,SS,65,222,23,47,8,1,5,19,2,1,23,57,0,2,1,.212,.286,.324,.610
Marwin Gonzalez,MIN,SS,60,221,27,58,11,0,9,26,1,0,20,56,0,0,2,.262,.329,.434,.763
Jonathan Schoop,MIN,2B,60,221,34,55,15,0,12,33,1,0,9,53,0,0,8,.249,.303,.480,.783
Jake Bauers,CLE,1B,65,220,28,48,9,1,8,26,2,2,24,66,0,1,2,.218,.300,.377,.677
Brian Dozier,WAS,2B,67,219,26,50,10,0,10,24,1,1,25,63,0,1,3,.228,.315,.411,.726
Andrew McCutchen,PHI,OF,59,219,45,56,12,1,10,29,2,1,43,55,0,0,0,.256,.378,.457,.835
Asdrubal Cabrera,TEX,2B,62,219,33,55,10,0,10,41,3,0,27,52,0,2,2,.251,.336,.434,.770
Jose Iglesias,CIN,SS,64,218,28,63,11,2,4,24,1,3,13,36,0,0,1,.289,.332,.413,.745
Wil Myers,SD,3B,69,217,37,49,9,0,11,23,9,3,29,89,0,0,2,.226,.323,.419,.742
Michael Conforto,NYM,OF,61,217,38,56,13,0,13,33,5,0,40,62,0,3,6,.258,.383,.498,.881
Franmil Reyes,SD,OF,67,216,30,52,7,0,19,33,0,0,17,66,0,4,0,.241,.291,.537,.828
Yasmani Grandal,MIL,C,63,216,35,60,9,2,15,39,3,0,38,54,0,5,1,.278,.381,.546,.927
Khris Davis,OAK,DH,57,215,30,52,5,0,14,36,0,0,19,63,0,0,1,.242,.306,.460,.766
Maikel Franco,PHI,3B,65,215,26,44,10,0,9,32,0,0,22,28,0,1,0,.205,.277,.377,.654
Justin Smoak,TOR,1B,62,213,29,48,6,0,12,34,0,0,43,47,0,1,4,.225,.364,.423,.787
Yandy Diaz,TB,3B,55,213,35,60,12,1,11,30,1,1,27,40,0,3,1,.282,.361,.502,.863
Daniel Vogelbach,SEA,1B,65,210,39,54,9,0,17,40,0,0,45,56,0,1,1,.257,.389,.543,.932
Albert Pujols,LAA,1B,58,210,26,49,10,0,12,38,0,0,23,28,0,4,2,.233,.310,.452,.762
Yadier Molina,STL,C,55,209,20,55,15,0,4,34,4,0,8,22,0,3,2,.263,.293,.392,.685
Evan Longoria,SF,3B,62,209,23,49,12,1,7,26,2,0,21,47,0,1,2,.234,.309,.402,.711
Jeff McNeil,NYM,2B,56,209,26,70,15,1,3,20,0,4,16,26,0,0,9,.335,.406,.459,.865
Jackie Bradley Jr.,BOS,OF,63,208,27,44,13,0,7,23,5,1,25,68,2,1,5,.212,.310,.375,.685
Ian Desmond,COL,OF,64,207,32,55,17,2,9,36,1,1,19,62,0,2,2,.266,.330,.498,.828
Tim Beckham,SEA,SS,59,207,28,48,15,0,11,33,1,3,13,69,0,0,3,.232,.287,.464,.751
Byron Buxton,MIN,OF,65,207,40,55,21,3,9,38,10,3,16,51,2,0,2,.266,.324,.527,.851
Rougned Odor,TEX,2B,56,207,31,38,10,0,8,34,7,5,22,70,1,0,1,.184,.265,.348,.613
Mallex Smith,SEA,OF,53,205,29,45,6,3,4,18,18,1,18,61,0,1,2,.220,.288,.337,.625
Raimel Tapia,COL,OF,65,204,29,52,14,4,5,23,2,2,12,56,0,0,0,.255,.296,.436,.732
Anthony Rendon,WAS,3B,56,204,49,64,19,2,15,48,1,0,30,39,0,2,5,.314,.411,.647,1.058
Brandon Belt,SF,1B,65,203,33,51,13,2,9,28,2,1,39,51,0,1,3,.251,.378,.468,.846
Austin Meadows,TB,OF,53,203,33,64,12,2,12,38,8,3,22,52,0,0,3,.315,.390,.571,.961
Hunter Renfroe,SD,OF,64,202,30,50,10,1,21,40,3,0,15,60,0,1,0,.248,.298,.619,.917
Wilson Ramos,NYM,C,63,202,31,55,6,0,7,38,0,0,23,37,0,1,1,.272,.348,.406,.754
Yonder Alonso,CWS,1B,60,202,22,36,6,0,7,26,0,1,28,51,0,2,1,.178,.279,.312,.591
Brandon Drury,TOR,3B,56,201,21,44,12,1,6,18,0,0,11,62,0,2,1,.219,.260,.378,.638
Brian Goodwin,LAA,OF,63,200,37,57,12,1,6,24,3,2,19,52,1,3,1,.285,.345,.445,.790
Francisco Lindor,CLE,SS,50,200,32,60,10,1,11,25,9,1,20,32,0,3,2,.300,.364,.525,.889
Jesse Winker,CIN,OF,62,200,30,46,9,0,10,18,0,1,19,38,0,0,4,.230,.309,.425,.734
Ji-Man Choi,TB,1B,57,199,25,56,9,1,8,27,1,3,22,48,0,3,3,.281,.357,.457,.814
Willson Contreras,CHC,C,61,198,32,56,10,0,13,36,1,2,26,63,0,2,8,.283,.385,.530,.915
Rowdy Tellez,TOR,1B,58,198,21,43,9,0,10,29,1,0,11,62,0,1,3,.217,.268,.414,.682
Hanser Alberto,BAL,3B,55,197,17,60,6,0,3,14,4,2,5,20,0,2,1,.305,.322,.381,.703
Ian Kinsler,SD,2B,59,196,23,45,11,0,8,18,2,3,15,34,0,0,2,.230,.291,.408,.699
Albert Almora Jr.,CHC,OF,65,195,26,47,8,1,7,21,2,0,11,33,4,0,1,.241,.285,.400,.685
Rio Ruiz,BAL,3B,63,194,16,45,6,0,4,17,0,0,21,48,0,1,0,.232,.306,.325,.631
Colin Moran,PIT,3B,67,193,24,52,9,0,10,40,0,0,16,51,0,1,0,.269,.324,.472,.796
Alex Verdugo,LAD,OF,66,193,21,58,14,2,5,29,3,0,17,24,0,4,2,.301,.356,.472,.828
Omar Narvaez,SEA,C,57,193,33,55,5,0,10,25,0,0,23,43,0,1,2,.285,.365,.466,.831
Gary Sanchez,NYY,C,51,192,32,50,5,1,20,43,0,0,19,56,0,0,3,.260,.336,.609,.945
Joc Pederson,LAD,OF,62,192,42,45,4,3,18,33,0,0,23,45,0,1,7,.234,.336,.568,.904
Hunter Pence,TEX,OF,54,192,43,56,14,1,14,46,3,1,17,46,0,2,2,.292,.352,.594,.946
Jonathan Lucroy,LAA,C,57,192,25,45,5,0,7,25,0,0,19,28,0,1,2,.234,.308,.370,.678
Michael Chavis,BOS,3B,51,191,29,49,4,1,12,34,2,1,22,69,0,0,3,.257,.343,.476,.819
Carlos Correa,HOU,SS,50,190,26,56,13,1,11,35,1,0,20,51,0,3,1,.295,.360,.547,.907
Jorge Alfaro,MIA,C,54,188,21,51,5,0,9,27,1,2,8,67,0,0,7,.271,.325,.441,.766
Jason Kipnis,CLE,2B,49,188,12,39,10,0,2,15,4,1,15,37,2,2,0,.207,.263,.293,.556
Andrelton Simmons,LAA,SS,46,188,22,56,13,0,3,21,5,1,6,15,0,0,1,.298,.323,.415,.738
Billy Hamilton,KC,OF,60,188,24,42,6,2,0,6,12,4,21,48,2,1,0,.223,.300,.277,.577
Christian Vazquez,BOS,C,58,187,25,54,9,1,8,23,1,2,12,37,1,1,0,.289,.330,.476,.806
Ryan O'Hearn,KC,1B,56,186,18,35,7,1,6,18,0,1,25,52,0,1,1,.188,.286,.333,.619
Clint Frazier,NYY,OF,52,186,25,53,11,0,11,34,1,2,13,58,0,3,2,.285,.333,.522,.855
Hunter Dozier,KC,3B,52,185,27,58,12,3,11,33,1,1,26,41,0,3,2,.314,.398,.589,.987
Yolmer Sanchez,CWS,2B,61,185,20,47,6,0,1,16,2,3,20,46,2,1,3,.254,.335,.303,.638
George Springer,HOU,OF,48,185,41,57,9,1,17,43,4,1,25,45,0,4,2,.308,.389,.643,1.032
Dexter Fowler,STL,OF,62,185,26,46,9,0,7,22,4,2,28,51,1,1,6,.249,.364,.411,.775
Robbie Grossman,OAK,OF,57,184,27,46,11,1,4,18,5,2,26,37,0,1,0,.250,.341,.386,.727
Jose Peraza,CIN,SS,64,182,18,38,6,0,5,16,5,3,11,29,0,0,3,.209,.265,.324,.589
Chris Taylor,LAD,SS,67,182,19,40,11,2,5,23,4,0,16,55,2,1,1,.220,.285,.385,.670
Melky Cabrera,PIT,OF,61,181,24,59,10,0,4,22,2,0,10,23,1,0,1,.326,.365,.448,.813
Curtis Granderson,MIA,OF,59,179,26,32,10,0,7,17,0,3,21,56,0,2,2,.179,.270,.352,.622
Gio Urshela,NYY,3B,58,178,27,54,12,0,5,30,1,0,14,31,0,4,3,.303,.357,.455,.812
JaCoby Jones,DET,OF,56,177,21,44,9,1,8,21,6,0,15,59,1,1,5,.249,.323,.446,.769
Dee Gordon,SEA,2B,49,176,19,49,6,1,3,20,13,2,8,25,2,4,1,.278,.307,.375,.682
Daniel Robertson,TB,2B,58,176,22,36,8,0,2,15,1,1,22,50,0,0,5,.205,.310,.284,.594
David Bote,CHC,2B,62,176,27,49,13,0,8,32,1,1,20,49,0,1,2,.278,.357,.489,.846
Jose Martinez,STL,1B,68,175,23,50,8,0,4,26,1,0,17,37,0,1,1,.286,.351,.400,.751
Christin Stewart,DET,OF,49,173,17,41,13,1,5,23,0,1,24,47,0,4,1,.237,.327,.410,.737
Robinson Cano,NYM,2B,46,172,15,41,13,0,3,14,0,0,10,36,0,0,1,.238,.284,.366,.650
Martin Maldonado,KC,C,54,172,14,34,6,0,2,8,0,0,16,43,1,0,4,.198,.281,.267,.548
Ryan McMahon,COL,1B,52,170,26,43,7,0,6,24,1,0,22,49,0,0,0,.253,.339,.400,.739
Joey Gallo,TEX,1B,50,170,41,47,11,1,17,41,3,0,42,76,0,1,1,.276,.421,.653,1.074
Ryon Healy,SEA,1B,47,169,24,40,16,0,7,26,0,0,13,40,0,4,1,.237,.289,.456,.745
James McCann,CWS,C,47,169,28,54,14,0,5,18,3,0,13,41,0,0,1,.320,.372,.491,.863
Robinson Chirinos,HOU,C,53,169,34,41,11,0,12,38,0,1,28,55,2,3,7,.243,.367,.521,.888
Howie Kendrick,WAS,2B,58,167,35,54,10,0,12,41,1,1,13,26,0,5,3,.323,.372,.599,.971
Jarrod Dyson,ARI,OF,56,167,34,44,4,2,5,16,15,2,24,38,0,1,1,.263,.358,.401,.759
Josh Phegley,OAK,C,58,166,25,43,12,0,8,38,0,0,8,33,1,3,4,.259,.304,.476,.780
J.D. Davis,NYM,3B,58,166,24,46,8,1,8,21,0,0,15,36,0,0,1,.277,.341,.482,.823
Eloy Jimenez,CWS,OF,45,166,22,42,6,0,11,25,0,0,12,51,0,0,1,.253,.307,.488,.795
Bryan Reynolds,PIT,OF,50,165,27,60,15,2,5,23,0,1,14,38,0,0,1,.364,.417,.570,.987
Jay Bruce,SEA,1B,47,165,27,35,11,0,14,28,1,0,16,53,0,2,1,.212,.283,.533,.816
Nelson Cruz,MIN,DH,44,162,26,45,9,0,12,31,0,0,19,54,0,1,3,.278,.362,.556,.918
Teoscar Hernandez,TOR,OF,48,162,16,33,7,1,4,18,4,1,16,52,0,1,0,.204,.274,.333,.607
Austin Hedges,SD,C,49,161,12,30,4,0,6,19,0,0,10,56,0,0,5,.186,.256,.323,.579
Chad Pinder,OAK,2B,53,160,23,40,10,0,5,19,0,1,8,37,0,2,3,.250,.295,.406,.701
Buster Posey,SF,C,48,160,18,41,14,0,3,18,0,0,15,26,0,1,0,.256,.318,.400,.718
Logan Forsythe,TEX,2B,50,160,23,44,14,1,3,28,1,0,27,48,0,1,2,.275,.384,.431,.815
Derek Dietrich,CIN,1B,64,158,27,37,4,1,17,37,1,1,17,41,0,1,8,.234,.337,.595,.932
Jesus Aguilar,MIL,1B,61,158,14,31,5,0,4,24,0,0,24,44,0,3,1,.196,.301,.304,.605
Daniel Murphy,COL,2B,45,157,17,43,13,1,5,37,1,0,12,25,0,2,0,.274,.322,.465,.787
Danny Santana,TEX,OF,47,156,30,46,10,3,4,17,7,3,8,48,0,3,3,.295,.335,.474,.809
Jeimer Candelario,DET,3B,42,156,18,28,6,1,2,9,2,1,20,50,0,0,1,.179,.277,.269,.546
Travis Shaw,MIL,2B,47,156,15,26,5,0,5,11,0,0,23,59,0,0,2,.167,.282,.295,.577
Danny Jansen,TOR,C,50,155,11,28,6,0,2,14,0,0,17,42,1,1,1,.181,.264,.258,.522
Eric Sogard,TOR,2B,42,155,23,44,8,1,6,17,4,0,15,26,3,2,1,.284,.347,.465,.812
Martin Prado,MIA,3B,51,155,17,37,7,0,1,12,0,0,6,23,0,2,0,.239,.264,.303,.567
Chris Davis,BAL,1B,52,154,12,26,5,0,5,18,0,0,15,67,0,0,3,.169,.256,.299,.555
Grayson Greiner,DET,C,43,154,13,25,3,0,5,14,0,0,13,57,0,1,1,.162,.231,.279,.510
Nick Senzel,CIN,2B,37,154,24,41,11,2,6,16,5,3,14,40,0,1,0,.266,.325,.481,.806
Ben Gamel,MIL,OF,60,153,23,39,9,0,4,16,1,1,16,51,0,1,3,.255,.335,.392,.727
Tony Wolters,COL,C,49,152,25,46,10,1,1,19,0,0,17,25,1,4,4,.303,.379,.401,.780
Mitch Moreland,BOS,1B,47,151,25,34,9,0,13,34,1,0,21,37,0,2,0,.225,.316,.543,.859
Todd Frazier,NYM,3B,46,150,20,38,5,1,6,22,1,1,15,39,0,0,4,.253,.337,.420,.757
Neil Walker,MIA,2B,51,149,12,44,10,0,4,14,2,0,18,35,0,0,1,.295,.375,.443,.818
Gregory Polanco,PIT,OF,41,149,22,36,7,1,6,17,3,1,12,48,0,0,1,.242,.302,.423,.725
Harrison Bader,STL,OF,56,149,21,35,8,2,6,19,3,3,22,52,1,1,6,.235,.354,.436,.790
Vladimir Guerrero Jr.,TOR,3B,40,149,16,40,8,0,7,19,0,1,14,30,0,1,1,.268,.333,.463,.796
Ronny Rodriguez,DET,SS,45,149,17,32,11,3,6,22,2,1,7,49,0,3,0,.215,.245,.450,.695
Manuel Margot,SD,OF,64,148,16,34,5,0,2,10,7,0,10,36,1,0,0,.230,.278,.304,.582
Yan Gomes,WAS,C,45,148,9,34,7,0,2,19,0,0,12,41,0,0,3,.230,.301,.318,.619
Tucker Barnhart,CIN,C,55,147,16,29,4,0,5,18,0,0,21,47,1,1,0,.197,.296,.327,.623
Roberto Perez,CLE,C,48,147,20,35,4,0,11,27,0,0,22,46,2,2,1,.238,.337,.490,.827
Eric Thames,MIL,1B,62,147,28,37,7,0,9,27,1,1,27,61,0,1,3,.252,.376,.483,.859
Richie Martin,BAL,SS,56,147,14,26,5,2,3,7,4,0,9,53,2,0,2,.177,.234,.299,.533
Kevin Newman,PIT,SS,44,144,15,45,8,1,2,19,3,1,11,21,0,1,1,.313,.363,.424,.787
Jose Altuve,HOU,2B,39,144,21,35,6,0,9,21,1,2,18,25,0,1,1,.243,.329,.472,.801
Stevie Wilkerson,BAL,2B,43,144,16,31,6,0,5,15,1,2,8,50,0,0,2,.215,.266,.361,.627
Jake Marisnick,HOU,OF,56,143,24,35,10,1,6,17,6,2,9,46,2,0,5,.245,.312,.455,.767
Tyler White,HOU,1B,47,141,12,32,8,0,2,11,0,0,22,53,0,3,0,.227,.325,.326,.651
Billy McKinney,TOR,OF,41,140,17,31,11,0,3,9,0,2,9,34,2,1,1,.221,.272,.364,.636
Pablo Sandoval,SF,3B,63,140,21,40,14,0,9,26,1,0,8,39,0,2,0,.286,.320,.579,.899
Daniel Descalso,CHC,2B,56,137,17,26,5,1,2,14,1,1,19,43,1,1,0,.190,.287,.285,.572
Matt Olson,OAK,1B,38,137,20,32,7,0,11,22,0,0,16,42,0,0,3,.234,.327,.526,.853
Josh Harrison,DET,2B,36,136,10,24,7,1,1,8,4,2,6,26,0,2,2,.176,.219,.265,.484
Chris Owings,KC,OF,41,135,9,18,4,1,2,9,4,1,8,55,0,0,2,.133,.193,.222,.415
Ronald Guzman,TEX,1B,43,135,17,28,12,0,6,21,1,2,13,42,0,1,1,.207,.280,.430,.710
Austin Barnes,LAD,C,45,133,17,28,7,0,4,15,2,0,17,31,0,1,4,.211,.316,.353,.669
Fernando Tatis Jr.,SD,SS,36,133,23,44,7,3,8,19,7,2,11,42,0,1,2,.331,.388,.609,.997
Elias Diaz,PIT,C,40,133,14,36,8,0,1,18,0,0,8,22,0,1,0,.271,.310,.353,.663
Greg Garcia,SD,2B,53,133,23,32,9,0,2,13,0,1,18,36,0,1,0,.241,.329,.353,.682
Carson Kelly,ARI,C,48,132,15,35,10,0,8,23,0,0,15,28,0,1,1,.265,.342,.523,.865
Trea Turner,WAS,SS,31,131,23,39,12,3,5,15,10,1,10,31,0,0,0,.298,.348,.550,.898
Brandon Nimmo,NYM,OF,43,130,20,26,7,0,3,14,1,0,26,48,1,1,3,.200,.344,.323,.667
Shohei Ohtani,LAA,DH,33,129,18,35,2,1,8,27,2,1,14,37,0,2,1,.271,.342,.488,.830
Brandon Dixon,DET,1B,41,129,12,37,7,0,7,26,3,0,4,42,0,2,0,.287,.304,.504,.808
John Hicks,DET,C,38,128,10,28,10,0,3,9,1,0,7,39,0,1,0,.219,.257,.367,.624
Hernan Perez,MIL,2B,51,128,19,33,6,0,5,11,4,1,8,37,0,1,0,.258,.299,.422,.721
Delino DeShields Jr.,TEX,OF,46,128,19,29,5,1,1,13,11,2,23,32,4,2,2,.227,.348,.305,.653
Wilmer Flores,ARI,1B,42,128,13,36,9,0,2,14,0,0,6,14,0,1,3,.281,.326,.398,.724
Odubel Herrera,PHI,OF,39,126,12,28,10,1,1,16,2,2,11,33,0,1,1,.222,.288,.341,.629
Tyler Flowers,ATL,C,39,125,13,32,4,2,5,12,0,0,14,46,0,1,2,.256,.338,.440,.778
Tony Kemp,HOU,OF,46,125,21,30,6,2,5,14,4,3,12,22,1,2,2,.240,.312,.440,.752
Mike Zunino,TB,C,36,124,13,22,7,1,3,17,0,0,6,36,0,0,2,.177,.227,.323,.550
Ender Inciarte,ATL,OF,40,124,13,27,5,1,2,9,3,1,12,27,0,1,3,.218,.300,.323,.623
Ildemaro Vargas,ARI,2B,46,123,16,31,5,0,4,12,1,0,5,17,0,0,0,.252,.281,.390,.671
Eduardo Nunez,BOS,2B,43,123,10,26,3,0,2,15,5,1,4,22,1,1,0,.211,.234,.285,.519
Pedro Severino,BAL,C,40,123,12,33,6,0,8,18,0,0,14,29,1,1,2,.268,.350,.512,.862
Johan Camargo,ATL,3B,52,122,17,29,7,1,2,15,1,0,7,23,0,0,0,.238,.279,.361,.640
Kurt Suzuki,WAS,C,38,122,14,33,6,0,6,27,0,1,7,21,0,2,3,.270,.321,.467,.788
Wilmer Difo,WAS,2B,39,121,14,28,2,0,2,7,0,1,12,27,1,0,0,.231,.301,.298,.599
Jordan Luplow,CLE,OF,40,119,21,29,7,0,8,18,2,1,13,37,0,1,0,.244,.316,.504,.820
Brian McCann,ATL,C,36,119,13,34,5,0,6,27,0,0,13,16,0,6,1,.286,.345,.479,.824
Juan Lagares,NYM,OF,61,119,17,22,4,0,2,14,2,1,9,39,1,1,2,.185,.252,.269,.521
Matt Adams,WAS,1B,47,119,16,30,7,0,7,20,0,0,5,41,0,1,0,.252,.280,.487,.767
Scott Kingery,PHI,SS,38,118,21,41,12,1,8,21,2,1,6,31,0,0,2,.347,.389,.669,1.058
Joey Rickard,BAL,OF,42,118,10,24,7,2,2,6,3,2,14,33,0,0,3,.203,.304,.347,.651
Luis Rengifo,LAA,2B,34,117,16,26,6,1,1,10,0,1,12,36,1,3,1,.222,.293,.316,.609
Mark Canha,OAK,OF,43,117,24,27,5,0,10,19,0,2,21,30,0,2,5,.231,.366,.530,.896
Garrett Cooper,MIA,1B,33,116,23,36,1,1,6,20,0,0,13,28,0,1,3,.310,.391,.491,.882
Austin Riley,ATL,3B,29,116,23,34,4,1,11,31,0,2,4,39,0,0,3,.293,.333,.629,.962
Lourdes Gurriel,TOR,2B,33,115,16,31,9,1,6,19,2,1,8,32,0,0,2,.270,.328,.522,.850
Mitch Garver,MIN,C,34,114,26,36,6,1,11,28,0,0,13,34,0,0,3,.316,.400,.675,1.075
Harold Ramirez,MIA,OF,29,113,16,36,7,0,1,13,2,0,4,23,0,0,1,.319,.347,.407,.754
Cole Tucker,PIT,SS,38,112,11,22,8,0,2,9,0,0,7,34,1,0,0,.196,.244,.321,.565
Willians Astudillo,MIN,C,33,112,16,28,6,0,2,11,0,0,2,5,0,4,3,.250,.273,.357,.630
Jeff Mathis,TEX,C,40,111,11,17,3,0,1,5,0,0,9,34,0,1,0,.153,.215,.207,.422
Mark Reynolds,COL,1B,60,109,13,19,7,0,4,18,1,0,18,41,0,3,2,.174,.295,.349,.644
Francisco Cervelli,PIT,C,34,109,11,21,3,0,1,5,1,0,9,31,1,0,4,.193,.279,.248,.527
Nicky Lopez,KC,2B,27,109,11,23,5,1,1,5,1,0,6,21,0,0,0,.211,.252,.303,.555
Isiah Kiner-Falefa,TEX,C,38,108,15,25,7,1,1,13,1,0,10,33,1,0,2,.231,.308,.343,.651
Charlie Tilson,CWS,OF,37,108,14,29,5,0,1,12,3,0,9,29,0,0,2,.269,.336,.343,.679
Kendrys Morales,OAK,DH,34,108,9,22,1,1,1,7,0,0,14,20,0,1,3,.204,.310,.259,.569
Tyler Naquin,CLE,OF,37,108,9,30,8,0,2,12,3,0,6,32,1,0,0,.278,.316,.407,.723
Justin Bour,LAA,1B,32,106,12,18,3,0,6,18,0,0,13,35,0,0,1,.170,.267,.368,.635
Welington Castillo,CWS,C,33,106,7,20,3,0,5,15,0,0,11,33,0,0,3,.189,.283,.358,.641
Ryan Cordell,CWS,OF,44,106,10,23,4,0,3,11,2,0,9,38,3,0,2,.217,.291,.340,.631
David Freese,LAD,3B,51,105,27,33,10,0,8,22,0,0,20,27,0,0,0,.314,.424,.638,1.062
Carlos Gonzalez,CLE,OF,30,105,13,22,1,0,2,7,0,1,10,33,0,1,1,.210,.282,.276,.558
Jung Ho Kang,PIT,3B,37,104,7,15,3,0,5,10,0,0,9,35,0,0,0,.144,.212,.317,.529
A.J. Pollock,LAD,OF,28,103,15,23,3,1,2,14,0,1,9,23,0,2,1,.223,.287,.330,.617
Ehire Adrianza,MIN,SS,42,103,19,29,2,0,4,13,0,0,12,18,0,2,5,.282,.377,.417,.794
Rosell Herrera,MIA,OF,61,103,10,21,6,0,2,11,4,1,9,25,0,0,2,.204,.281,.320,.601
Jose Rondon,CWS,DH,37,102,8,22,3,0,2,5,0,0,7,29,0,0,1,.216,.273,.304,.577
Mike Tauchman,NYY,OF,36,100,16,21,7,0,4,13,1,0,13,35,0,0,0,.210,.301,.400,.701
Curt Casali,CIN,C,42,100,13,29,7,0,4,18,0,0,10,23,0,1,1,.290,.357,.480,.837
Cameron Maybin,NYY,OF,36,99,19,27,6,0,2,9,5,2,13,30,0,0,0,.273,.357,.394,.751
Gordon Beckham,DET,2B,38,99,14,23,7,2,3,5,2,1,11,33,0,0,4,.232,.333,.434,.767
Jason Castro,MIN,C,33,99,24,26,6,0,8,19,0,0,13,29,0,0,2,.263,.360,.566,.926
Aledmys Diaz,HOU,SS,32,98,17,28,5,1,5,22,0,0,7,13,0,4,0,.286,.321,.510,.831
Ty France,SD,3B,34,98,8,23,4,1,2,10,0,1,4,25,0,1,4,.235,.290,.357,.647
Dylan Moore,SEA,SS,45,97,12,20,6,0,2,9,4,3,10,36,1,0,5,.206,.313,.330,.643
Garrett Hampson,COL,SS,33,97,11,18,2,1,1,6,1,2,6,27,1,1,0,.186,.231,.258,.489
Zack Cozart,LAA,3B,38,97,4,12,2,0,0,7,0,0,5,16,0,3,2,.124,.178,.144,.322
Oscar Mercado,CLE,OF,25,94,20,27,5,0,3,8,3,1,4,19,2,0,3,.287,.337,.436,.773
Austin Romine,NYY,C,28,92,8,18,2,0,1,11,0,0,2,23,1,0,0,.196,.213,.250,.463
Aaron Hicks,NYY,OF,24,90,14,19,3,0,4,16,1,1,14,25,0,1,0,.211,.314,.378,.692
Steve Pearce,BOS,1B,29,89,9,16,4,0,1,9,0,0,7,31,0,1,1,.180,.245,.258,.503
Gerardo Parra,SF,OF,30,86,8,17,3,0,1,6,2,1,8,18,0,1,2,.198,.278,.267,.545
Dominic Smith,NYM,1B,57,86,21,29,6,0,4,10,0,0,13,20,0,0,1,.337,.430,.547,.977
Kyle Farmer,CIN,C,50,85,10,19,3,0,5,16,3,1,4,29,0,1,1,.224,.264,.435,.699
Russell Martin,LAD,C,31,85,15,23,3,0,2,4,0,0,11,21,0,2,5,.271,.379,.376,.755
Addison Russell,CHC,SS,30,84,9,20,1,0,4,10,0,0,9,20,1,2,0,.238,.305,.393,.698
Guillermo Heredia,TB,OF,43,84,11,21,5,0,2,8,0,0,8,24,2,0,5,.250,.351,.381,.732
Tom Murphy,SEA,C,26,83,10,24,4,0,7,14,1,0,3,34,0,0,0,.289,.314,.590,.904
Ben Zobrist,CHC,2B,26,83,12,20,1,0,0,10,0,0,14,12,0,2,0,.241,.343,.253,.596
Kyle Seager,SEA,3B,21,83,11,18,3,0,4,9,1,0,11,21,0,1,1,.217,.313,.398,.711
Luke Maile,TOR,C,30,81,7,16,2,0,2,7,1,0,6,21,1,0,0,.198,.253,.296,.549
Tyler Austin,SF,1B,41,81,16,18,1,1,5,14,0,0,10,37,0,0,0,.222,.308,.444,.752
Scott Schebler,CIN,OF,30,81,11,10,2,0,2,7,0,1,14,27,0,0,0,.123,.253,.222,.475
Chris Iannetta,COL,C,29,79,11,20,7,0,5,14,0,0,10,29,0,1,1,.253,.341,.532,.873
Adeiny Hechavarria,NYM,SS,29,78,11,19,4,0,4,14,2,1,3,16,0,0,0,.244,.272,.449,.721
Nick Williams,PHI,OF,49,78,8,14,4,0,1,4,0,0,2,28,0,0,2,.179,.220,.269,.489
Kevin Plawecki,CLE,C,31,78,6,14,6,0,2,8,0,0,8,15,0,1,2,.179,.270,.333,.603
Austin Dean,MIA,OF,27,77,6,16,5,0,2,10,0,0,1,19,0,1,0,.208,.215,.351,.566
Kevan Smith,LAA,C,26,77,13,23,8,0,2,8,1,0,10,12,0,0,2,.299,.393,.481,.874
Lewis Brinson,MIA,OF,27,76,4,15,5,0,0,4,0,1,2,28,1,0,3,.197,.247,.263,.510
Miguel Sano,MIN,3B,20,75,16,18,7,0,6,12,0,0,10,31,0,1,0,.240,.326,.573,.899
Ryan Zimmerman,WAS,1B,22,75,7,16,3,0,3,11,0,0,10,18,0,1,0,.213,.302,.373,.675
Carlos Gomez,NYM,OF,26,73,10,15,3,0,3,10,3,1,5,26,2,1,3,.205,.280,.370,.650
Yangervis Solarte,SF,2B,28,73,9,15,5,0,1,7,0,0,4,16,1,0,0,.205,.247,.315,.562
Aaron Judge,NYY,OF,20,73,13,21,2,0,5,11,2,1,14,26,0,1,1,.288,.404,.521,.925
Kelvin Gutierrez,KC,3B,20,73,4,19,2,1,1,11,1,0,5,24,0,1,0,.260,.304,.356,.660
Dawel Lugo,DET,2B,23,72,5,16,0,3,1,7,0,0,1,14,0,1,1,.222,.240,.347,.587
Stephen Vogt,SF,C,27,71,9,19,7,2,1,7,0,1,7,22,0,1,0,.268,.329,.465,.794
Nick Hundley,OAK,C,31,70,5,14,3,1,2,5,0,1,2,18,0,0,1,.200,.233,.357,.590
Sandy Leon,BOS,C,26,69,4,15,2,0,2,11,0,0,7,17,2,1,1,.217,.295,.333,.628
Cam Gallagher,KC,C,24,69,5,12,1,0,0,5,0,0,4,12,1,1,0,.174,.216,.188,.404
J.P. Crawford,SEA,SS,19,69,7,20,8,0,1,9,0,1,7,21,0,0,0,.290,.355,.449,.804
Tim Locastro,ARI,2B,31,69,15,16,3,2,0,7,5,0,7,11,0,0,10,.232,.384,.333,.717
Shed Long,SEA,2B,19,69,9,16,7,0,1,5,3,1,10,20,0,0,0,.232,.329,.377,.706
Travis d'Arnaud,TB,C,22,66,11,16,4,0,3,12,0,0,6,19,0,2,0,.242,.297,.439,.736
Matt Joyce,ATL,OF,53,66,10,19,7,0,2,8,0,0,10,15,0,0,0,.288,.382,.485,.867
Michael Taylor,WAS,OF,37,66,6,15,5,0,0,1,4,0,7,28,1,0,0,.227,.301,.303,.604
Greg Allen,CLE,OF,27,65,8,11,3,2,1,10,0,0,3,18,2,1,2,.169,.225,.323,.548
Brendan Rodgers,COL,2B,21,65,7,16,2,0,0,7,0,0,4,22,0,0,1,.246,.300,.277,.577
Josh Naylor,SD,OF,20,65,8,14,3,0,2,12,1,0,1,19,0,0,0,.215,.227,.354,.581
Cedric Mullins,BAL,OF,22,64,7,6,0,2,0,4,1,0,4,14,2,1,3,.094,.181,.156,.337
Keston Hiura,MIL,2B,17,64,8,18,1,0,5,9,1,0,3,23,0,0,2,.281,.333,.531,.864
Blake Swihart,ARI,C,30,64,9,9,0,0,3,9,0,0,4,27,0,0,0,.141,.191,.281,.472
Brock Holt,BOS,2B,20,64,12,20,2,1,1,11,1,0,5,17,0,0,2,.313,.380,.422,.802
Jordy Mercer,DET,SS,19,63,3,13,4,0,1,3,0,0,5,13,0,0,1,.206,.275,.317,.592
Nicky Delmonico,CWS,OF,21,63,6,13,2,0,1,6,0,1,4,25,0,0,1,.206,.265,.286,.551
Yairo Munoz,STL,SS,35,63,9,18,3,0,0,2,2,1,1,16,0,0,0,.286,.297,.333,.630
Jesus Sucre,BAL,C,21,62,3,13,2,0,0,3,0,0,4,13,0,0,1,.210,.269,.242,.511
Kendrys Morales,NYY,DH,19,62,7,11,1,0,1,5,0,0,12,6,0,0,1,.177,.320,.242,.562
John Ryan Murphy,ARI,C,25,62,9,11,3,0,4,7,0,0,6,28,1,0,0,.177,.250,.419,.669
Mike Yastrzemski,SF,OF,18,61,10,15,1,1,2,7,0,0,6,18,0,1,1,.246,.319,.393,.712
Gerardo Parra,WAS,OF,24,61,8,14,3,0,3,12,3,1,3,13,0,0,1,.230,.277,.426,.703
Matt Kemp,CIN,OF,20,60,4,12,2,0,1,5,0,0,1,19,0,1,0,.200,.210,.283,.493
JT Riddle,MIA,SS,27,60,7,11,3,0,2,4,0,0,2,19,0,0,2,.183,.234,.333,.567
Jon Berti,MIA,2B,22,59,12,14,2,0,2,4,1,0,7,16,0,1,1,.237,.324,.373,.697
Alex Avila,ARI,C,25,59,10,13,2,0,5,11,1,0,18,21,0,0,1,.220,.410,.508,.918
Keon Broxton,BAL,OF,19,58,6,12,1,0,3,6,3,1,2,28,1,0,0,.207,.233,.379,.612
Matt Wieters,STL,C,24,58,5,13,2,0,3,10,1,1,1,21,0,1,1,.224,.246,.414,.660
Manny Pina,MIL,C,30,58,5,10,2,0,3,6,0,0,6,16,0,0,2,.172,.273,.362,.635
Jedd Gyorko,STL,3B,38,56,5,11,0,0,2,7,2,0,6,14,0,0,0,.196,.274,.304,.578
Victor Caratini,CHC,C,23,56,10,18,7,0,1,9,0,0,9,14,0,0,1,.321,.424,.500,.924
Francisco Mejia,SD,C,19,54,2,9,3,1,0,3,0,0,2,18,0,1,1,.167,.207,.259,.466
Max Stassi,HOU,C,18,54,3,9,0,0,1,3,0,0,4,18,0,0,1,.167,.237,.222,.459
Isaac Galloway,MIA,OF,19,54,6,9,1,0,0,1,2,0,0,17,0,0,0,.167,.167,.185,.352
Cavan Biggio,TOR,2B,17,53,10,10,1,0,3,7,2,0,12,20,0,0,0,.189,.338,.377,.715
Derek Fisher,HOU,OF,17,53,9,12,2,1,1,5,4,1,7,14,0,0,0,.226,.317,.358,.675
Adam Engel,CWS,OF,26,52,7,11,2,1,1,4,0,1,4,20,1,0,1,.212,.281,.346,.627
Tomas Nido,NYM,C,18,52,3,12,1,0,2,6,0,0,1,16,0,0,0,.231,.245,.365,.610
Lucas Duda,KC,1B,20,52,3,8,1,0,2,9,0,0,9,15,0,2,0,.154,.270,.288,.558
Mike Freeman,CLE,SS,26,51,7,12,2,0,1,9,0,2,11,16,2,1,1,.235,.375,.333,.708
Erik Gonzalez,PIT,2B,16,51,2,11,2,1,0,2,3,0,6,13,2,0,0,.216,.298,.294,.592
Mac Williamson,SF,OF,15,51,3,6,1,0,1,7,2,0,5,18,0,0,1,.118,.211,.196,.407
Matt Beaty,LAD,1B,19,50,6,14,2,0,1,9,1,0,0,9,0,0,0,.280,.280,.380,.660
Thairo Estrada,NYY,2B,25,50,10,14,3,0,3,11,2,0,3,14,1,0,0,.280,.321,.520,.841
Christian Arroyo,TB,3B,16,50,8,11,2,0,2,7,0,0,5,18,1,0,1,.220,.304,.380,.684
Charlie Culberson,ATL,SS,48,50,7,18,2,2,3,13,0,1,4,13,0,1,0,.360,.400,.660,1.060
Keon Broxton,NYM,OF,34,49,5,7,1,0,0,2,4,1,4,22,0,0,0,.143,.208,.163,.371
Hanley Ramirez,CLE,1B,16,49,4,9,1,0,2,8,0,0,8,17,0,0,0,.184,.298,.327,.625
Phil Gosselin,PHI,2B,32,49,3,12,3,0,0,6,0,0,1,10,0,0,0,.245,.260,.306,.566
Cheslor Cuthbert,KC,3B,13,49,3,14,2,0,3,10,1,0,3,15,0,0,0,.286,.327,.510,.837
Tyler Wade,NYY,2B,20,49,8,10,0,0,0,5,5,0,7,18,2,0,1,.204,.316,.204,.520
Jonathan Davis,TOR,OF,17,49,3,7,0,0,1,2,1,1,2,13,0,0,0,.143,.176,.204,.380
Andrew Knapp,PHI,C,31,49,6,9,2,0,1,2,0,0,12,17,1,0,0,.184,.344,.286,.630
Chad Wallach,MIA,C,19,48,4,12,3,0,1,3,0,0,6,12,0,0,0,.250,.333,.375,.708
Harold Castro,DET,2B,17,48,1,11,2,0,0,3,1,0,3,12,0,1,0,.229,.269,.271,.540
Miguel Andujar,NYY,3B,12,47,1,6,0,0,0,1,0,0,1,11,0,1,0,.128,.143,.128,.271
J.B. Shuck,PIT,OF,27,47,4,10,0,1,0,2,1,1,8,10,1,0,1,.213,.339,.255,.594
Peter Bourjos,LAA,OF,26,44,4,4,1,0,0,2,2,0,1,15,0,1,0,.091,.109,.114,.223
Terrance Gore,KC,OF,29,44,9,12,1,1,0,1,8,5,5,18,0,0,0,.273,.347,.341,.688
Dustin Peterson,DET,OF,17,44,3,10,4,0,0,6,1,0,2,14,0,0,1,.227,.277,.318,.595
Austin Wynns,BAL,C,15,43,3,10,1,0,0,3,0,0,3,7,1,0,0,.233,.283,.256,.539
Alen Hanson,TOR,2B,18,43,5,7,0,0,0,4,1,0,3,17,0,1,1,.163,.229,.163,.392
Sean Rodriguez,PHI,2B,19,42,7,11,3,0,1,5,0,1,4,13,3,0,2,.262,.354,.405,.759
Peter O'Brien,MIA,1B,14,42,2,7,1,0,1,4,1,0,4,19,0,0,1,.167,.255,.262,.517
Austin Allen,SD,C,18,42,2,11,3,0,0,3,0,0,4,9,0,0,0,.262,.326,.333,.659
Jake Cave,MIN,OF,18,41,4,9,2,0,0,3,0,0,7,13,0,0,1,.220,.347,.268,.615
Eric Stamets,CLE,SS,15,41,4,2,1,0,0,2,0,0,5,24,1,1,0,.049,.149,.073,.222
Richard Urena,TOR,SS,16,40,2,10,3,0,0,0,0,0,1,13,2,0,0,.250,.268,.325,.593
Cesar Puello,LAA,OF,11,40,6,16,3,0,3,12,0,0,2,8,0,0,6,.400,.500,.700,1.200
Jay Bruce,PHI,1B,11,39,9,12,2,0,5,13,0,0,2,3,0,0,0,.308,.341,.744,1.085
Carter Kieboom,WAS,SS,11,39,4,5,0,0,2,2,0,0,4,16,0,0,0,.128,.209,.282,.491
Pablo Reyes,PIT,OF,23,39,5,5,0,0,0,3,0,0,3,14,0,0,0,.128,.190,.128,.318
Michael Perez,TB,C,15,39,6,10,5,0,0,2,0,0,6,15,0,0,1,.256,.370,.385,.755
Socrates Brito,TOR,OF,17,39,5,3,0,1,0,2,0,0,4,17,0,0,0,.077,.163,.128,.291
Kevin Cron,ARI,1B,18,38,7,9,4,0,3,10,0,1,3,13,0,1,0,.237,.286,.579,.865
Nate Lowe,TB,1B,10,38,5,10,2,0,0,1,0,0,3,11,0,1,0,.263,.310,.316,.626
Tyler O'Neill,STL,OF,21,38,4,10,2,0,1,4,0,0,1,18,0,0,0,.263,.282,.395,.677
Jack Mayfield,HOU,2B,14,38,5,5,4,0,1,3,0,0,1,8,0,0,0,.132,.154,.316,.470
Donovan Solano,SF,2B,17,38,3,10,2,0,0,5,0,0,2,7,0,1,0,.263,.293,.316,.609
Josh VanMeter,CIN,2B,25,36,2,7,2,0,0,3,1,0,6,12,0,0,1,.194,.326,.250,.576
Brad Miller,CLE,2B,13,36,4,9,3,0,1,4,1,0,4,10,0,0,0,.250,.325,.417,.742
Greg Bird,NYY,1B,10,35,6,6,0,0,1,1,0,0,6,16,0,0,0,.171,.293,.257,.550
Jason Martin,PIT,OF,17,35,3,8,2,0,0,2,2,0,3,10,0,0,0,.229,.289,.286,.575
Mark Zagunis,CHC,OF,29,35,2,9,3,0,0,5,0,0,4,15,0,0,0,.257,.333,.343,.676
Corey Dickerson,PIT,OF,11,35,2,9,3,0,1,7,0,0,3,8,0,1,0,.257,.308,.429,.737
Daniel Palka,CWS,OF,13,35,0,1,0,0,0,2,0,0,6,15,0,0,1,.029,.190,.029,.219
Anthony Santander,BAL,OF,9,33,6,12,3,0,1,4,0,0,4,6,0,0,1,.364,.447,.545,.992
Max Moroff,CLE,2B,20,32,3,4,1,0,1,4,1,0,2,16,1,0,0,.125,.176,.250,.426
Jared Walsh,LAA,1B,13,32,3,8,2,0,0,2,0,0,2,13,0,0,0,.250,.294,.313,.607
Erik Kratz,SF,C,15,32,1,4,2,0,1,3,0,0,2,6,0,0,2,.125,.222,.281,.503
Jacob Stallings,PIT,C,13,31,3,7,0,0,0,0,0,0,2,8,0,0,0,.226,.273,.226,.499
Mac Williamson,SEA,OF,9,30,4,5,0,0,1,5,0,0,3,9,0,0,0,.167,.242,.267,.509
Joey Wendle,TB,2B,10,30,0,4,1,0,0,2,0,0,0,8,0,0,3,.133,.212,.167,.379
Pat Valaika,COL,2B,17,29,3,2,1,0,0,0,0,0,4,15,0,0,0,.069,.182,.103,.285
Aaron Altherr,PHI,OF,22,29,2,1,1,0,0,1,0,0,1,9,0,0,0,.034,.067,.069,.136
Wilfredo Tovar,LAA,SS,8,29,1,5,3,0,0,0,0,0,4,7,0,0,0,.172,.273,.276,.549
Mike Ford,NYY,1B,10,28,6,5,1,0,1,2,0,0,8,10,0,0,1,.179,.378,.321,.699
Myles Straw,HOU,SS,12,28,9,8,1,1,0,3,3,1,5,6,0,0,0,.286,.394,.393,.787
Carlos Gonzalez,CHC,OF,9,27,6,6,2,0,1,3,0,2,5,13,0,1,0,.222,.333,.407,.740
Didi Gregorius,NYY,SS,7,26,4,10,1,0,1,3,0,0,1,5,0,0,0,.385,.407,.538,.945
Patrick Wisdom,TEX,3B,9,26,1,4,1,0,0,1,0,0,1,15,1,0,0,.154,.185,.192,.377
Blake Swihart,BOS,C,12,26,4,6,1,0,1,4,0,0,2,7,0,0,1,.231,.310,.385,.695
Roman Quinn,PHI,OF,7,25,1,3,0,0,0,1,0,0,2,14,0,0,0,.120,.185,.120,.305
Sam Travis,BOS,1B,8,24,1,4,0,0,0,1,0,0,0,7,0,0,0,.167,.167,.167,.334
DJ Stewart,BAL,OF,7,24,0,4,0,0,0,0,1,0,1,8,0,0,0,.167,.200,.167,.367
Braden Bishop,SEA,OF,10,24,1,2,0,0,0,2,0,0,0,9,0,0,0,.083,.083,.083,.166
Luis Arraez,MIN,2B,10,24,6,9,2,0,1,3,1,0,5,1,0,1,0,.375,.467,.583,1.050
Luis Urias,SD,2B,11,24,2,2,1,0,0,0,0,0,4,11,0,0,1,.083,.241,.125,.366
Willie Calhoun,TEX,OF,6,23,5,10,1,0,2,7,0,0,1,2,0,0,0,.435,.458,.739,1.197
Mikie Mahtook,DET,OF,9,23,0,0,0,0,0,0,0,0,2,11,0,0,0,.000,.080,.000,.080
Travis d'Arnaud,NYM,C,10,23,2,2,0,0,0,2,0,0,2,5,0,0,0,.087,.160,.087,.247
Chance Sisco,BAL,C,7,22,4,6,3,0,2,5,0,0,3,10,0,0,2,.273,.407,.682,1.089
Garrett Stubbs,HOU,C,6,21,1,4,1,0,0,2,1,0,1,4,0,0,0,.190,.227,.238,.465
Will Smith,LAD,C,6,21,3,6,1,0,2,3,1,0,2,6,0,0,0,.286,.348,.619,.967
Tzu-Wei Lin,BOS,SS,13,20,3,4,2,0,0,1,1,1,2,6,0,0,0,.200,.273,.300,.573
Dustin Pedroia,BOS,2B,6,20,1,2,0,0,0,1,0,0,1,2,0,0,0,.100,.143,.100,.243
Jake Elmore,PIT,2B,11,20,0,1,0,0,0,0,0,0,0,3,0,0,0,.050,.050,.050,.100
Jose Osuna,PIT,1B,13,19,4,4,2,0,2,5,0,0,1,7,0,0,1,.211,.286,.632,.918
Bryan Holaday,MIA,C,7,19,3,5,1,0,1,5,0,0,4,6,1,0,0,.263,.391,.474,.865
Marco Hernandez,BOS,2B,8,19,1,5,3,0,0,3,0,0,0,7,0,0,0,.263,.263,.421,.684
Alex Dickerson,SD,OF,12,19,1,3,0,0,0,2,0,0,0,7,0,0,0,.158,.158,.158,.316
Phillip Ervin,CIN,OF,11,19,2,4,1,1,0,2,0,1,4,8,0,0,0,.211,.348,.368,.716
Yonathan Daza,COL,OF,6,18,1,1,0,0,0,0,0,0,1,5,0,0,0,.056,.105,.056,.161
Josh Fuentes,COL,3B,9,18,2,2,0,0,0,0,0,0,0,8,0,0,0,.111,.111,.111,.222
Luis Guillorme,NYM,3B,12,18,4,3,0,0,0,0,0,0,1,6,0,0,0,.167,.211,.167,.378
Yordan Alvarez,HOU,OF,5,17,8,8,0,0,4,8,0,0,6,5,0,0,0,.471,.609,1.176,1.785
Drew Butera,COL,C,7,17,4,3,2,0,0,0,0,0,1,4,1,0,0,.176,.222,.294,.516
Erik Kratz,TB,C,6,17,0,1,0,0,0,0,0,0,0,8,0,0,0,.059,.059,.059,.118
Caleb Joseph,ARI,C,9,17,2,3,1,0,0,2,0,0,0,4,0,0,0,.176,.176,.235,.411
Tim Federowicz,TEX,C,6,16,2,5,1,0,1,3,0,0,1,8,0,0,0,.313,.353,.563,.916
Adrian Sanchez,WAS,2B,14,16,1,4,0,0,0,0,0,0,0,5,0,0,0,.250,.250,.250,.500
Dustin Garneau,LAA,C,7,16,4,4,1,0,0,1,0,0,3,4,0,0,3,.250,.455,.313,.768
Kevin Pillar,TOR,OF,5,16,1,1,0,0,0,1,0,0,0,3,0,1,0,.063,.059,.063,.122
Aramis Garcia,SF,1B,6,16,3,3,0,0,2,3,0,0,1,8,0,0,0,.188,.235,.563,.798
Taylor Davis,CHC,C,6,15,2,3,0,0,1,4,0,0,2,4,0,0,0,.200,.294,.400,.694
Mike Gerber,SF,OF,4,15,0,1,1,0,0,0,0,0,1,9,0,0,0,.067,.125,.133,.258
Franchy Cordero,SD,OF,9,15,2,5,1,0,0,1,1,0,4,7,0,1,0,.333,.450,.400,.850
Frank Schwindel,KC,1B,6,15,0,1,0,0,0,0,0,0,0,2,0,0,0,.067,.067,.067,.134
Connor Joe,SF,OF,8,15,1,1,0,0,0,0,0,0,1,5,0,0,0,.067,.125,.067,.192
Jake Lamb,ARI,3B,5,15,1,4,1,0,0,2,0,0,3,6,0,0,0,.267,.389,.333,.722
Rocky Gale,LAD,C,5,15,1,2,0,0,0,0,0,0,0,7,0,0,0,.133,.133,.133,.266
Kyle Higashioka,NYY,C,4,15,2,3,2,0,0,1,0,0,0,6,0,1,0,.200,.188,.333,.521
Andrew Stevenson,WAS,OF,9,12,3,3,0,0,0,0,0,0,2,4,0,0,1,.250,.400,.250,.650
Jake Noll,WAS,2B,8,12,1,2,1,0,0,2,0,0,1,4,0,0,0,.167,.231,.250,.481
Andrew Velazquez,TB,SS,10,12,2,1,1,0,0,0,0,0,0,6,0,0,0,.083,.083,.167,.250
Troy Tulowitzki,NYY,SS,5,11,1,2,1,0,1,1,0,0,2,4,0,0,0,.182,.308,.545,.853
Aaron Altherr,NYM,OF,6,10,2,1,0,0,1,1,0,0,1,6,0,0,0,.100,.182,.400,.582
Taylor Ward,LAA,3B,6,10,1,1,1,0,0,0,0,0,0,7,0,0,0,.100,.100,.200,.300
Alex Jackson,ATL,C,3,10,0,0,0,0,0,0,0,0,1,3,0,0,0,.000,.091,.000,.091
Lane Thomas,STL,OF,9,10,1,4,0,0,1,4,1,0,1,1,0,0,0,.400,.455,.700,1.155
Seby Zavala,CWS,C,3,9,1,1,0,0,0,0,0,0,0,7,0,0,0,.111,.111,.111,.222
Kyle Garlick,LAD,OF,9,9,1,1,1,0,0,0,0,0,1,3,0,0,0,.111,.200,.222,.422
Michael Reed,SF,OF,4,8,0,0,0,0,0,0,0,0,0,6,0,0,0,.000,.000,.000,.000
Giancarlo Stanton,NYY,OF,3,8,1,2,0,0,0,0,0,0,7,4,0,0,0,.250,.600,.250,.850
Rajai Davis,NYM,OF,4,7,2,2,0,0,1,3,0,0,0,2,0,0,0,.286,.286,.714,1.000
Drew Robinson,STL,OF,5,7,1,1,0,0,0,0,0,0,0,3,0,0,0,.143,.143,.143,.286
Skye Bolt,OAK,OF,4,7,1,1,1,0,0,0,0,0,1,2,0,0,0,.143,.250,.286,.536
Adam Haseley,PHI,OF,2,7,2,1,1,0,0,1,0,0,1,1,0,0,0,.143,.250,.286,.536
Andrew Knizner,STL,C,2,7,0,0,0,0,0,0,0,0,0,1,0,0,0,.000,.000,.000,.000
Tommy Edman,STL,2B,5,6,3,1,1,0,0,0,1,0,0,2,0,0,1,.167,.286,.333,.619
Nick Ciuffo,TB,C,3,6,0,1,0,0,0,0,0,0,0,3,0,0,0,.167,.167,.167,.334
Eric Haase,CLE,C,2,6,0,0,0,0,0,0,0,0,1,4,0,0,0,.000,.143,.000,.143
Anthony Bemboom,TB,C,3,5,0,2,1,0,0,1,0,0,0,2,0,0,0,.400,.400,.600,1.000
Jacob Nottingham,MIL,C,6,5,1,2,0,0,1,4,0,0,0,2,0,0,0,.400,.400,1.000,1.400
Jose Pirela,SD,2B,2,5,0,0,0,0,0,0,0,0,0,3,0,0,0,.000,.000,.000,.000
Ichiro Suzuki,SEA,OF,2,5,0,0,0,0,0,0,0,0,1,1,0,0,0,.000,.167,.000,.167
Jim Adduci,CHC,1B,2,5,0,0,0,0,0,0,0,0,0,3,0,0,0,.000,.000,.000,.000
Yadiel Rivera,MIA,SS,1,4,0,1,0,0,0,0,0,0,0,0,0,0,0,.250,.250,.250,.500
Tyler Austin,MIN,1B,2,4,1,1,1,0,0,0,0,0,1,3,0,0,0,.250,.400,.500,.900
Beau Taylor,OAK,C,2,4,0,1,0,0,0,0,0,0,1,2,0,0,1,.250,.500,.250,.750
Anthony Alford,TOR,OF,1,3,0,0,0,0,0,0,0,0,0,1,0,0,0,.000,.000,.000,.000
Drew Jackson,BAL,SS,3,3,0,0,0,0,0,0,0,0,1,1,0,0,0,.000,.250,.000,.250
Victor Reyes,DET,OF,3,3,1,2,0,0,0,1,0,0,0,0,0,0,0,.667,.667,.667,1.334
Jorge Bonifacio,KC,OF,1,3,0,0,0,0,0,0,0,0,0,0,0,0,0,.000,.000,.000,.000
Noel Cuevas,COL,OF,1,2,0,0,0,0,0,0,0,0,0,0,0,0,0,.000,.000,.000,.000
David Freitas,SEA,C,1,2,1,0,0,0,0,1,0,0,1,0,0,1,0,.000,.250,.000,.250
Tyler Saladino,MIL,SS,2,2,0,0,0,0,0,0,0,0,0,1,0,0,0,.000,.000,.000,.000
Mitch Walding,PHI,3B,2,2,0,0,0,0,0,0,0,0,0,2,0,0,0,.000,.000,.000,.000
Dylan Cozens,PHI,OF,1,1,0,0,0,0,0,0,0,0,0,0,0,0,0,.000,.000,.000,.000
Aaron Altherr,SF,OF,1,1,0,0,0,0,0,0,0,0,0,1,0,0,0,.000,.000,.000,.000
Travis d'Arnaud,LAD,C,1,1,0,0,0,0,0,0,0,0,0,0,0,0,0,.000,.000,.000,.000